[{"lng":-59.9653478,"lat":-3.0895792,"properties":{"id":0,"structures":["FD - BIBLIOTECA"],"connections":[1,11,451],"is_highway":false,"value":0,"reference":-1,"weight":0}},{"lng":-59.9647738,"lat":-3.0895892,"properties":{"id":1,"structures":["FD - BIBLIOTECA"],"connections":[0,3,301],"is_highway":false,"value":0,"reference":-1,"weight":0}},{"lng":-59.9643107,"lat":-3.0894238,"properties":{"id":2,"structures":["ICE - MATEMÁTICA"],"connections":[3,6,7],"is_highway":false,"value":0,"reference":-1,"weight":0}},{"lng":-59.9647743,"lat":-3.0894291,"properties":{"id":3,"structures":["ICE - MATEMÁTICA"],"connections":[2,300,1],"is_highway":false,"value":0,"reference":-1,"weight":0}},{"lng":-59.96435544412915,"lat":-3.090167135992,"properties":{"id":4,"structures":["ESTACIONAMENTO FT FD ICE"],"connections":[5,302,303],"is_highway":false,"value":0,"reference":-1,"weight":0}},{"lng":-59.964317381414084,"lat":-3.090112651493127,"properties":{"id":5,"structures":[],"connections":[4,6],"is_highway":false,"value":0,"reference":-1,"weight":0}},{"lng":-59.964317370550134,"lat":-3.0900493396419284,"properties":{"id":6,"structures":[],"connections":[5,2,419],"is_highway":false,"value":0,"reference":-1,"weight":0}},{"lng":-59.964309271941126,"lat":-3.0892888597992183,"properties":{"id":7,"structures":["FT - REPOGRAFIA / ADMINISTRAÇÃO / BIBLIOTECA"],"connections":[2,8,305],"is_highway":false,"value":0,"reference":-1,"weight":0}},{"lng":-59.96430758091726,"lat":-3.0891290714773874,"properties":{"id":8,"structures":["ICE - ESTATÍSTIICA"],"connections":[7,9,299],"is_highway":false,"value":0,"reference":-1,"weight":0}},{"lng":-59.96430608107109,"lat":-3.088987347908331,"properties":{"id":9,"structures":["FT - SALAS DE AULA 1"],"connections":[8,10,306],"is_highway":false,"value":0,"reference":-1,"weight":0}},{"lng":-59.9643044,"lat":-3.0888285,"properties":{"id":10,"structures":["ICE - FÍSICA"],"connections":[9,297,298],"is_highway":false,"value":0,"reference":-1,"weight":0}},{"lng":-59.965345876787566,"lat":-3.0894292138075663,"properties":{"id":11,"structures":["FD - SALAS DE AULA 2"],"connections":[0,12,412],"is_highway":false,"value":0,"reference":-1,"weight":0}},{"lng":-59.96534411100777,"lat":-3.0892915053471786,"properties":{"id":12,"structures":["ICE - SALAS DE AULA"],"connections":[11,13,300],"is_highway":false,"value":0,"reference":-1,"weight":0}},{"lng":-59.96534169599008,"lat":-3.089103164524033,"properties":{"id":13,"structures":["ICE - QUÍMICA"],"connections":[12,14],"is_highway":false,"value":0,"reference":-1,"weight":0}},{"lng":-59.9653399,"lat":-3.0889631,"properties":{"id":14,"structures":["ICE - PÓS GRADUAÇÃO"],"connections":[13,15],"is_highway":false,"value":0,"reference":-1,"weight":0}},{"lng":-59.9647759,"lat":-3.0889684,"properties":{"id":15,"structures":["ICE - PÓS GRADUAÇÃO"],"connections":[14,298,299],"is_highway":false,"value":0,"reference":-1,"weight":0}},{"lng":-59.964307,"lat":-3.0885285,"properties":{"id":16,"structures":["ICOMP"],"connections":[17,296,297],"is_highway":false,"value":0,"reference":-1,"weight":0}},{"lng":-59.96430282249658,"lat":-3.088366308440693,"properties":{"id":17,"structures":["FT - SALAS DE DESENHO"],"connections":[16,18,308],"is_highway":false,"value":0,"reference":-1,"weight":0}},{"lng":-59.964299,"lat":-3.0882179,"properties":{"id":18,"structures":["CENTRO DE PROCESSAMENTO DE DADOS"],"connections":[17,19,341],"is_highway":false,"value":0,"reference":-1,"weight":0}},{"lng":-59.9648193,"lat":-3.0882179,"properties":{"id":19,"structures":["CENTRO DE PROCESSAMENTO DE DADOS"],"connections":[18],"is_highway":false,"value":0,"reference":-1,"weight":0}},{"lng":-59.982632,"lat":-3.1017299,"properties":{"id":20,"structures":[],"connections":[21],"is_highway":true,"value":0,"reference":-1,"weight":0}},{"lng":-59.9826574,"lat":-3.1015005,"properties":{"id":21,"structures":[],"connections":[22,31],"is_highway":true,"value":0,"reference":-1,"weight":0}},{"lng":-59.9827506,"lat":-3.1012792,"properties":{"id":22,"structures":[],"connections":[23,30],"is_highway":true,"value":0,"reference":-1,"weight":0}},{"lng":-59.9829897,"lat":-3.1007906,"properties":{"id":23,"structures":[],"connections":[24],"is_highway":true,"value":0,"reference":-1,"weight":0}},{"lng":-59.9832767,"lat":-3.1002013,"properties":{"id":24,"structures":[],"connections":[25],"is_highway":true,"value":0,"reference":-1,"weight":0}},{"lng":-59.9834262,"lat":-3.1000555,"properties":{"id":25,"structures":[],"connections":[],"is_highway":true,"value":0,"reference":-1,"weight":0}},{"lng":-59.9833373,"lat":-3.1003858,"properties":{"id":26,"structures":[],"connections":[27],"is_highway":true,"value":0,"reference":-1,"weight":0}},{"lng":-59.9829253,"lat":-3.1012705,"properties":{"id":27,"structures":[],"connections":[28],"is_highway":true,"value":0,"reference":-1,"weight":0}},{"lng":-59.9828856,"lat":-3.1013057,"properties":{"id":28,"structures":[],"connections":[29],"is_highway":true,"value":0,"reference":-1,"weight":0}},{"lng":-59.9828319,"lat":-3.1013105,"properties":{"id":29,"structures":[],"connections":[22],"is_highway":true,"value":0,"reference":-1,"weight":0}},{"lng":-59.9825066,"lat":-3.101187,"properties":{"id":30,"structures":[],"connections":[32],"is_highway":true,"value":0,"reference":-1,"weight":0}},{"lng":-59.9825675,"lat":-3.1012674,"properties":{"id":31,"structures":[],"connections":[30],"is_highway":true,"value":0,"reference":-1,"weight":0}},{"lng":-59.9822899,"lat":-3.1010874,"properties":{"id":32,"structures":[],"connections":[33],"is_highway":true,"value":0,"reference":-1,"weight":0}},{"lng":-59.9822297,"lat":-3.1010464,"properties":{"id":33,"structures":[],"connections":[34,193],"is_highway":true,"value":0,"reference":-1,"weight":0}},{"lng":-59.982083,"lat":-3.1009011,"properties":{"id":34,"structures":[],"connections":[35],"is_highway":true,"value":0,"reference":-1,"weight":0}},{"lng":-59.9818875,"lat":-3.1006558,"properties":{"id":35,"structures":[],"connections":[36],"is_highway":true,"value":0,"reference":-1,"weight":0}},{"lng":-59.9818246,"lat":-3.1005963,"properties":{"id":36,"structures":[],"connections":[37],"is_highway":true,"value":0,"reference":-1,"weight":0}},{"lng":-59.9817135,"lat":-3.1005262,"properties":{"id":37,"structures":[],"connections":[164,179],"is_highway":true,"value":0,"reference":-1,"weight":0}},{"lng":-59.964842,"lat":-3.0905145,"properties":{"id":38,"structures":[],"connections":[134],"is_highway":true,"value":0,"reference":-1,"weight":0}},{"lng":-59.9647597,"lat":-3.0904162,"properties":{"id":39,"structures":["ESTACIONAMENTO FT FD ICE"],"connections":[38,425],"is_highway":true,"value":0,"reference":-1,"weight":0}},{"lng":-59.9765985,"lat":-3.0997548,"properties":{"id":40,"structures":[],"connections":[41,453],"is_highway":true,"value":0,"reference":-1,"weight":0}},{"lng":-59.9758376206447,"lat":-3.099911612619604,"properties":{"id":41,"structures":[],"connections":[40,42,99],"is_highway":true,"value":0,"reference":-1,"weight":0}},{"lng":-59.9751249,"lat":-3.1000585,"properties":{"id":42,"structures":[],"connections":[41,43],"is_highway":true,"value":0,"reference":-1,"weight":0}},{"lng":-59.97479719142831,"lat":-3.1001294433394233,"properties":{"id":43,"structures":[],"connections":[42,44,94,95],"is_highway":true,"value":0,"reference":-1,"weight":0}},{"lng":-59.9746893,"lat":-3.1001528,"properties":{"id":44,"structures":[],"connections":[43,108,117],"is_highway":true,"value":0,"reference":-1,"weight":0}},{"lng":-59.96512102945407,"lat":-3.090726330868146,"properties":{"id":45,"structures":[],"connections":[46,295],"is_highway":true,"value":0,"reference":-1,"weight":0}},{"lng":-59.9649321,"lat":-3.0906607,"properties":{"id":46,"structures":[],"connections":[47,135],"is_highway":true,"value":0,"reference":-1,"weight":0}},{"lng":-59.9648091,"lat":-3.0907506,"properties":{"id":47,"structures":[],"connections":[130,282],"is_highway":true,"value":0,"reference":-1,"weight":0}},{"lng":-59.9684908,"lat":-3.0881818,"properties":{"id":48,"structures":[],"connections":[49,228,137],"is_highway":true,"value":0,"reference":-1,"weight":0}},{"lng":-59.9683882,"lat":-3.0881987,"properties":{"id":49,"structures":[],"connections":[50],"is_highway":true,"value":0,"reference":-1,"weight":0}},{"lng":-59.9682487,"lat":-3.0882201,"properties":{"id":50,"structures":[],"connections":[51],"is_highway":true,"value":0,"reference":-1,"weight":0}},{"lng":-59.9681683,"lat":-3.0882576,"properties":{"id":51,"structures":[],"connections":[52],"is_highway":true,"value":0,"reference":-1,"weight":0}},{"lng":-59.9681039,"lat":-3.0883058,"properties":{"id":52,"structures":[],"connections":[53],"is_highway":true,"value":0,"reference":-1,"weight":0}},{"lng":-59.9680556,"lat":-3.0883647,"properties":{"id":53,"structures":[],"connections":[54],"is_highway":true,"value":0,"reference":-1,"weight":0}},{"lng":-59.9680054,"lat":-3.0884501,"properties":{"id":54,"structures":[],"connections":[55,283],"is_highway":true,"value":0,"reference":-1,"weight":0}},{"lng":-59.9680339,"lat":-3.0881438,"properties":{"id":55,"structures":[],"connections":[56,136],"is_highway":true,"value":0,"reference":-1,"weight":0}},{"lng":-59.9680633,"lat":-3.087762,"properties":{"id":56,"structures":[],"connections":[137,229],"is_highway":true,"value":0,"reference":-1,"weight":0}},{"lng":-59.9759168,"lat":-3.0972492,"properties":{"id":57,"structures":[],"connections":[58],"is_highway":false,"value":0,"reference":-1,"weight":0}},{"lng":-59.9758773,"lat":-3.0973757,"properties":{"id":58,"structures":[],"connections":[57,59,331],"is_highway":false,"value":0,"reference":-1,"weight":0}},{"lng":-59.9753008,"lat":-3.0974536,"properties":{"id":59,"structures":[],"connections":[58,60],"is_highway":false,"value":0,"reference":-1,"weight":0}},{"lng":-59.9749494,"lat":-3.0974834,"properties":{"id":60,"structures":[],"connections":[59,61],"is_highway":false,"value":0,"reference":-1,"weight":0}},{"lng":-59.9746243,"lat":-3.0974831,"properties":{"id":61,"structures":[],"connections":[60,62,439],"is_highway":false,"value":0,"reference":-1,"weight":0}},{"lng":-59.9744235,"lat":-3.0974812,"properties":{"id":62,"structures":[],"connections":[61,63,101],"is_highway":false,"value":0,"reference":-1,"weight":0}},{"lng":-59.9741456,"lat":-3.097472,"properties":{"id":63,"structures":[],"connections":[62,64],"is_highway":false,"value":0,"reference":-1,"weight":0}},{"lng":-59.9740673,"lat":-3.0974782,"properties":{"id":64,"structures":[],"connections":[63,105],"is_highway":false,"value":0,"reference":-1,"weight":0}},{"lng":-59.9649,"lat":-3.090498,"properties":{"id":65,"structures":[],"connections":[66,131],"is_highway":true,"value":0,"reference":-1,"weight":0}},{"lng":-59.964974,"lat":-3.0904285,"properties":{"id":66,"structures":[],"connections":[65,67],"is_highway":true,"value":0,"reference":-1,"weight":0}},{"lng":-59.9656023,"lat":-3.0904285,"properties":{"id":67,"structures":["CENTRO ADMINISTRATIVO - ESTACIONAMENTO"],"connections":[66,68,73],"is_highway":true,"value":0,"reference":-1,"weight":0}},{"lng":-59.96580503948537,"lat":-3.090428500000001,"properties":{"id":68,"structures":["CENTRO ADMINISTRATIVO - ESTACIONAMENTO"],"connections":[67,69,452],"is_highway":true,"value":0,"reference":-1,"weight":0}},{"lng":-59.96586143675791,"lat":-3.090428500000001,"properties":{"id":69,"structures":["CENTRO ADMINISTRATIVO - ESTACIONAMENTO"],"connections":[68,70],"is_highway":true,"value":0,"reference":-1,"weight":0}},{"lng":-59.9660946,"lat":-3.0904285,"properties":{"id":70,"structures":["CENTRO ADMINISTRATIVO - ESTACIONAMENTO"],"connections":[69,71],"is_highway":true,"value":0,"reference":-1,"weight":0}},{"lng":-59.96609494622118,"lat":-3.0905690658006564,"properties":{"id":71,"structures":["CENTRO ADMINISTRATIVO - ESTACIONAMENTO"],"connections":[70,72,523],"is_highway":true,"value":0,"reference":-1,"weight":0}},{"lng":-59.966095,"lat":-3.0905909,"properties":{"id":72,"structures":["CENTRO ADMINISTRATIVO - ESTACIONAMENTO"],"connections":[71,73],"is_highway":true,"value":0,"reference":-1,"weight":0}},{"lng":-59.965793,"lat":-3.090592,"properties":{"id":73,"structures":["CENTRO ADMINISTRATIVO - ESTACIONAMENTO"],"connections":[72,67],"is_highway":true,"value":0,"reference":-1,"weight":0}},{"lng":-59.9650693,"lat":-3.0874707,"properties":{"id":74,"structures":[],"connections":[75,239,240],"is_highway":true,"value":0,"reference":-1,"weight":0}},{"lng":-59.964777,"lat":-3.0874664,"properties":{"id":75,"structures":["CETELI - ESTACIONAMENTO"],"connections":[74,76,80],"is_highway":true,"value":0,"reference":-1,"weight":0}},{"lng":-59.9625719,"lat":-3.0874246,"properties":{"id":76,"structures":["CETELI - ESTACIONAMENTO"],"connections":[75,77],"is_highway":true,"value":0,"reference":-1,"weight":0}},{"lng":-59.9625665,"lat":-3.0875298,"properties":{"id":77,"structures":["CETELI - ESTACIONAMENTO"],"connections":[76,78],"is_highway":true,"value":0,"reference":-1,"weight":0}},{"lng":-59.963375,"lat":-3.0875366,"properties":{"id":78,"structures":["CETELI - ESTACIONAMENTO"],"connections":[77,79,86],"is_highway":true,"value":0,"reference":-1,"weight":0}},{"lng":-59.9638171,"lat":-3.0875392,"properties":{"id":79,"structures":["CETELI - ESTACIONAMENTO"],"connections":[78,80,87],"is_highway":true,"value":0,"reference":-1,"weight":0}},{"lng":-59.9647242,"lat":-3.0875461,"properties":{"id":80,"structures":["CETELI - ESTACIONAMENTO"],"connections":[79,75],"is_highway":true,"value":0,"reference":-1,"weight":0}},{"lng":-59.9742696,"lat":-3.0978848,"properties":{"id":81,"structures":[],"connections":[82,101,438],"is_highway":false,"value":0,"reference":-1,"weight":0}},{"lng":-59.9742788,"lat":-3.0980453,"properties":{"id":82,"structures":[],"connections":[81,83],"is_highway":false,"value":0,"reference":-1,"weight":0}},{"lng":-59.9744028,"lat":-3.0982425,"properties":{"id":83,"structures":[],"connections":[82,84],"is_highway":false,"value":0,"reference":-1,"weight":0}},{"lng":-59.97447186944868,"lat":-3.098547900419211,"properties":{"id":84,"structures":[],"connections":[83,85,324],"is_highway":false,"value":0,"reference":-1,"weight":0}},{"lng":-59.9745636,"lat":-3.0989535,"properties":{"id":85,"structures":[],"connections":[84,107,444],"is_highway":false,"value":0,"reference":-1,"weight":0}},{"lng":-59.9635354,"lat":-3.0876832,"properties":{"id":86,"structures":[],"connections":[78,87,399],"is_highway":true,"value":0,"reference":-1,"weight":0}},{"lng":-59.9637415,"lat":-3.0876758,"properties":{"id":87,"structures":[],"connections":[86,79,344],"is_highway":true,"value":0,"reference":-1,"weight":0}},{"lng":-59.9744956,"lat":-3.0990181,"properties":{"id":88,"structures":["FEFF - CANTINA"],"connections":[89,444],"is_highway":false,"value":0,"reference":-1,"weight":0}},{"lng":-59.9746277,"lat":-3.0995154,"properties":{"id":89,"structures":[],"connections":[88,90],"is_highway":false,"value":0,"reference":-1,"weight":0}},{"lng":-59.97463543747893,"lat":-3.0995480838063583,"properties":{"id":90,"structures":[],"connections":[89,91,462],"is_highway":false,"value":0,"reference":-1,"weight":0}},{"lng":-59.97465389968608,"lat":-3.099626069824523,"properties":{"id":91,"structures":[],"connections":[90,92,456],"is_highway":false,"value":0,"reference":-1,"weight":0}},{"lng":-59.9746634,"lat":-3.0996662,"properties":{"id":92,"structures":[],"connections":[91,93],"is_highway":false,"value":0,"reference":-1,"weight":0}},{"lng":-59.9747313,"lat":-3.099921,"properties":{"id":93,"structures":[],"connections":[92,94,103],"is_highway":false,"value":0,"reference":-1,"weight":0}},{"lng":-59.974762843517425,"lat":-3.100033991701967,"properties":{"id":94,"structures":[],"connections":[93,43],"is_highway":false,"value":0,"reference":-1,"weight":0}},{"lng":-59.974810254130176,"lat":-3.100182123939482,"properties":{"id":95,"structures":["MINICAMPUS - PARADA DE ÔNIBUS(DESEMBARQUE)"],"connections":[43,96],"is_highway":false,"value":0,"reference":-1,"weight":0}},{"lng":-59.97488600705584,"lat":-3.1004557433281237,"properties":{"id":96,"structures":["FCA - 02"],"connections":[95,97,467],"is_highway":false,"value":0,"reference":-1,"weight":0}},{"lng":-59.97533804527811,"lat":-3.1003520778960105,"properties":{"id":97,"structures":[],"connections":[96,98,471],"is_highway":false,"value":0,"reference":-1,"weight":0}},{"lng":-59.97564517172579,"lat":-3.1002743288152588,"properties":{"id":98,"structures":["FCA - 01"],"connections":[97,99,472],"is_highway":false,"value":0,"reference":-1,"weight":0}},{"lng":-59.97592618161324,"lat":-3.1001938552501307,"properties":{"id":99,"structures":[],"connections":[98,100,455,41],"is_highway":false,"value":0,"reference":-1,"weight":0}},{"lng":-59.9762183302373,"lat":-3.100110191848238,"properties":{"id":100,"structures":["FCF"],"connections":[99],"is_highway":false,"value":0,"reference":-1,"weight":0}},{"lng":-59.9742834,"lat":-3.0977036,"properties":{"id":101,"structures":[],"connections":[62,81],"is_highway":false,"value":0,"reference":-1,"weight":0}},{"lng":-59.9748613,"lat":-3.0998119,"properties":{"id":102,"structures":[],"connections":[103,450],"is_highway":true,"value":0,"reference":-1,"weight":0}},{"lng":-59.9748235,"lat":-3.0998929,"properties":{"id":103,"structures":[],"connections":[102,119],"is_highway":true,"value":0,"reference":-1,"weight":0}},{"lng":-59.9735085,"lat":-3.0974999,"properties":{"id":104,"structures":[],"connections":[105,106],"is_highway":true,"value":0,"reference":-1,"weight":0}},{"lng":-59.97382811406545,"lat":-3.0974874883586443,"properties":{"id":105,"structures":[],"connections":[104,64,495],"is_highway":true,"value":0,"reference":-1,"weight":0}},{"lng":-59.9733366,"lat":-3.0972181,"properties":{"id":106,"structures":[],"connections":[104,209,210],"is_highway":true,"value":0,"reference":-1,"weight":0}},{"lng":-59.97465212730644,"lat":-3.09893587727454,"properties":{"id":107,"structures":[],"connections":[85,340,496],"is_highway":false,"value":0,"reference":-1,"weight":0}},{"lng":-59.9743651,"lat":-3.1003729,"properties":{"id":108,"structures":[],"connections":[44,109],"is_highway":true,"value":0,"reference":-1,"weight":0}},{"lng":-59.974125425456386,"lat":-3.100437138906031,"properties":{"id":109,"structures":[],"connections":[108,110,476],"is_highway":true,"value":0,"reference":-1,"weight":0}},{"lng":-59.97402832120115,"lat":-3.1004631653282164,"properties":{"id":110,"structures":[],"connections":[109,111],"is_highway":true,"value":0,"reference":-1,"weight":0}},{"lng":-59.9737077,"lat":-3.1005491,"properties":{"id":111,"structures":[],"connections":[110,112],"is_highway":true,"value":0,"reference":-1,"weight":0}},{"lng":-59.973993,"lat":-3.1016571,"properties":{"id":112,"structures":[],"connections":[111,113],"is_highway":true,"value":0,"reference":-1,"weight":0}},{"lng":-59.9740985,"lat":-3.1021939,"properties":{"id":113,"structures":["PREFEITURA DO CAMPUS","BIBLIOTECA"],"connections":[112,114,116],"is_highway":true,"value":0,"reference":-1,"weight":0}},{"lng":-59.9741859,"lat":-3.1026387,"properties":{"id":114,"structures":[],"connections":[113,115],"is_highway":true,"value":0,"reference":-1,"weight":0}},{"lng":-59.9738552,"lat":-3.102712,"properties":{"id":115,"structures":[],"connections":[114,116],"is_highway":true,"value":0,"reference":-1,"weight":0}},{"lng":-59.9737817,"lat":-3.1022534,"properties":{"id":116,"structures":[],"connections":[115,113],"is_highway":true,"value":0,"reference":-1,"weight":0}},{"lng":-59.974601,"lat":-3.1000648,"properties":{"id":117,"structures":[],"connections":[118],"is_highway":true,"value":0,"reference":-1,"weight":0}},{"lng":-59.9746578,"lat":-3.0999383,"properties":{"id":118,"structures":[],"connections":[93],"is_highway":true,"value":0,"reference":-1,"weight":0}},{"lng":-59.9749826,"lat":-3.1000015,"properties":{"id":119,"structures":["MINICAMPUS - PARADA DE ÔNIBUS(EMBARQUE)"],"connections":[42],"is_highway":true,"value":0,"reference":-1,"weight":0}},{"lng":-59.9610495,"lat":-3.0899884,"properties":{"id":120,"structures":[],"connections":[121,128,254],"is_highway":true,"value":0,"reference":-1,"weight":0}},{"lng":-59.9610132,"lat":-3.0898061,"properties":{"id":121,"structures":[],"connections":[120,122],"is_highway":true,"value":0,"reference":-1,"weight":0}},{"lng":-59.9621248,"lat":-3.0891456,"properties":{"id":122,"structures":[],"connections":[121,123],"is_highway":true,"value":0,"reference":-1,"weight":0}},{"lng":-59.9622496,"lat":-3.0892659,"properties":{"id":123,"structures":[],"connections":[122,124],"is_highway":true,"value":0,"reference":-1,"weight":0}},{"lng":-59.9623249,"lat":-3.0893238,"properties":{"id":124,"structures":[],"connections":[123,128,129],"is_highway":true,"value":0,"reference":-1,"weight":0}},{"lng":-59.9615923,"lat":-3.0899665,"properties":{"id":125,"structures":[],"connections":[126,252,253],"is_highway":true,"value":0,"reference":-1,"weight":0}},{"lng":-59.9619824,"lat":-3.0897143,"properties":{"id":126,"structures":[],"connections":[125,127],"is_highway":true,"value":0,"reference":-1,"weight":0}},{"lng":-59.962389,"lat":-3.0894694,"properties":{"id":127,"structures":[],"connections":[126,129,252],"is_highway":true,"value":0,"reference":-1,"weight":0}},{"lng":-59.9611238,"lat":-3.0899854,"properties":{"id":128,"structures":[],"connections":[124,253,120],"is_highway":true,"value":0,"reference":-1,"weight":0}},{"lng":-59.9623864,"lat":-3.08929,"properties":{"id":129,"structures":[],"connections":[124,251,127],"is_highway":true,"value":0,"reference":-1,"weight":0}},{"lng":-59.9647928,"lat":-3.0906283,"properties":{"id":130,"structures":[],"connections":[133],"is_highway":true,"value":0,"reference":-1,"weight":0}},{"lng":-59.9649837,"lat":-3.0905756,"properties":{"id":131,"structures":[],"connections":[132,46],"is_highway":true,"value":0,"reference":-1,"weight":0}},{"lng":-59.96506935282734,"lat":-3.0906587046913767,"properties":{"id":132,"structures":[],"connections":[45],"is_highway":true,"value":0,"reference":-1,"weight":0}},{"lng":-59.9647928,"lat":-3.0905588,"properties":{"id":133,"structures":[],"connections":[38,431],"is_highway":true,"value":0,"reference":-1,"weight":0}},{"lng":-59.9648792,"lat":-3.0905013,"properties":{"id":134,"structures":[],"connections":[65],"is_highway":true,"value":0,"reference":-1,"weight":0}},{"lng":-59.9648324,"lat":-3.0906609,"properties":{"id":135,"structures":[],"connections":[130],"is_highway":true,"value":0,"reference":-1,"weight":0}},{"lng":-59.9681187,"lat":-3.0880575,"properties":{"id":136,"structures":[],"connections":[137],"is_highway":true,"value":0,"reference":-1,"weight":0}},{"lng":-59.9682668,"lat":-3.0879921,"properties":{"id":137,"structures":[],"connections":[48,56],"is_highway":true,"value":0,"reference":-1,"weight":0}},{"lng":-59.97688272544585,"lat":-3.099691598818496,"properties":{"id":138,"structures":[],"connections":[139,453,192],"is_highway":true,"value":0,"reference":-1,"weight":0}},{"lng":-59.9769231,"lat":-3.0998719,"properties":{"id":139,"structures":[],"connections":[138,140],"is_highway":true,"value":0,"reference":-1,"weight":0}},{"lng":-59.977043644819425,"lat":-3.100346280928338,"properties":{"id":140,"structures":[],"connections":[139,141],"is_highway":true,"value":0,"reference":-1,"weight":0}},{"lng":-59.9771055,"lat":-3.1005897,"properties":{"id":141,"structures":[],"connections":[140,142],"is_highway":true,"value":0,"reference":-1,"weight":0}},{"lng":-59.9771377,"lat":-3.1006647,"properties":{"id":142,"structures":[],"connections":[141,143],"is_highway":true,"value":0,"reference":-1,"weight":0}},{"lng":-59.9772665,"lat":-3.100729,"properties":{"id":143,"structures":[],"connections":[142,144],"is_highway":true,"value":0,"reference":-1,"weight":0}},{"lng":-59.9776956,"lat":-3.1008468,"properties":{"id":144,"structures":[],"connections":[143,145],"is_highway":true,"value":0,"reference":-1,"weight":0}},{"lng":-59.9778887,"lat":-3.1009218,"properties":{"id":145,"structures":[],"connections":[144,146],"is_highway":true,"value":0,"reference":-1,"weight":0}},{"lng":-59.978504479480904,"lat":-3.100928066134529,"properties":{"id":146,"structures":["CEPRAM 2"],"connections":[145,147],"is_highway":true,"value":0,"reference":-1,"weight":0}},{"lng":-59.9789402,"lat":-3.1009325,"properties":{"id":147,"structures":["CEPRAM 1"],"connections":[146,148],"is_highway":true,"value":0,"reference":-1,"weight":0}},{"lng":-59.9791118,"lat":-3.1009432,"properties":{"id":148,"structures":[],"connections":[147,149],"is_highway":true,"value":0,"reference":-1,"weight":0}},{"lng":-59.979179130420654,"lat":-3.1009835480543217,"properties":{"id":149,"structures":[],"connections":[148,150,492],"is_highway":true,"value":0,"reference":-1,"weight":0}},{"lng":-59.9793264,"lat":-3.1010718,"properties":{"id":150,"structures":[],"connections":[149,151],"is_highway":true,"value":0,"reference":-1,"weight":0}},{"lng":-59.9795302,"lat":-3.1012218,"properties":{"id":151,"structures":[],"connections":[150,152],"is_highway":true,"value":0,"reference":-1,"weight":0}},{"lng":-59.97969546801956,"lat":-3.101335554535577,"properties":{"id":152,"structures":["ARQUIVO"],"connections":[151,153],"is_highway":true,"value":0,"reference":-1,"weight":0}},{"lng":-59.9798414,"lat":-3.101436,"properties":{"id":153,"structures":[],"connections":[152,154],"is_highway":true,"value":0,"reference":-1,"weight":0}},{"lng":-59.9800989,"lat":-3.1016824,"properties":{"id":154,"structures":[],"connections":[153,155],"is_highway":true,"value":0,"reference":-1,"weight":0}},{"lng":-59.9802705,"lat":-3.1018646,"properties":{"id":155,"structures":[],"connections":[154,156],"is_highway":true,"value":0,"reference":-1,"weight":0}},{"lng":-59.9803885,"lat":-3.1020895,"properties":{"id":156,"structures":[],"connections":[155,157],"is_highway":true,"value":0,"reference":-1,"weight":0}},{"lng":-59.9806031,"lat":-3.1025931,"properties":{"id":157,"structures":[],"connections":[156,158],"is_highway":true,"value":0,"reference":-1,"weight":0}},{"lng":-59.98063815048802,"lat":-3.1026892338244756,"properties":{"id":158,"structures":[],"connections":[157,159,454],"is_highway":true,"value":0,"reference":-1,"weight":0}},{"lng":-59.980689,"lat":-3.1028287,"properties":{"id":159,"structures":[],"connections":[158,160],"is_highway":true,"value":0,"reference":-1,"weight":0}},{"lng":-59.9808606,"lat":-3.1032251,"properties":{"id":160,"structures":[],"connections":[159,161],"is_highway":true,"value":0,"reference":-1,"weight":0}},{"lng":-59.9809143,"lat":-3.1034073,"properties":{"id":161,"structures":[],"connections":[160,162],"is_highway":true,"value":0,"reference":-1,"weight":0}},{"lng":-59.9810645,"lat":-3.1035144,"properties":{"id":162,"structures":[],"connections":[161,163],"is_highway":true,"value":0,"reference":-1,"weight":0}},{"lng":-59.9812039,"lat":-3.1035572,"properties":{"id":163,"structures":[],"connections":[162],"is_highway":true,"value":0,"reference":-1,"weight":0}},{"lng":-59.9785366,"lat":-3.0995334,"properties":{"id":164,"structures":[],"connections":[37,165,191],"is_highway":true,"value":0,"reference":-1,"weight":0}},{"lng":-59.9783167,"lat":-3.0994638,"properties":{"id":165,"structures":[],"connections":[164,166],"is_highway":true,"value":0,"reference":-1,"weight":0}},{"lng":-59.9781826,"lat":-3.0994155,"properties":{"id":166,"structures":[],"connections":[165],"is_highway":true,"value":0,"reference":-1,"weight":0}},{"lng":-59.9778845,"lat":-3.0992687,"properties":{"id":167,"structures":[],"connections":[168,188],"is_highway":true,"value":0,"reference":-1,"weight":0}},{"lng":-59.9779787,"lat":-3.0993084,"properties":{"id":168,"structures":[],"connections":[169],"is_highway":true,"value":0,"reference":-1,"weight":0}},{"lng":-59.9780753,"lat":-3.0993673,"properties":{"id":169,"structures":[],"connections":[166],"is_highway":true,"value":0,"reference":-1,"weight":0}},{"lng":-59.9778446,"lat":-3.0992066,"properties":{"id":170,"structures":[],"connections":[167],"is_highway":true,"value":0,"reference":-1,"weight":0}},{"lng":-59.9778232,"lat":-3.0991316,"properties":{"id":171,"structures":[],"connections":[170],"is_highway":true,"value":0,"reference":-1,"weight":0}},{"lng":-59.9777803,"lat":-3.0990567,"properties":{"id":172,"structures":[],"connections":[171,173],"is_highway":true,"value":0,"reference":-1,"weight":0}},{"lng":-59.9778339,"lat":-3.0988103,"properties":{"id":173,"structures":[],"connections":[172,174],"is_highway":true,"value":0,"reference":-1,"weight":0}},{"lng":-59.9778876,"lat":-3.0985639,"properties":{"id":174,"structures":[],"connections":[173,175],"is_highway":true,"value":0,"reference":-1,"weight":0}},{"lng":-59.9779144,"lat":-3.0983871,"properties":{"id":175,"structures":[],"connections":[174,176],"is_highway":true,"value":0,"reference":-1,"weight":0}},{"lng":-59.9779036,"lat":-3.0982692,"properties":{"id":176,"structures":[],"connections":[175,197],"is_highway":true,"value":0,"reference":-1,"weight":0}},{"lng":-59.9776672,"lat":-3.0992852,"properties":{"id":177,"structures":[],"connections":[178,186],"is_highway":true,"value":0,"reference":-1,"weight":0}},{"lng":-59.9777266,"lat":-3.0991799,"properties":{"id":178,"structures":[],"connections":[172],"is_highway":true,"value":0,"reference":-1,"weight":0}},{"lng":-59.9819323,"lat":-3.100594,"properties":{"id":179,"structures":[],"connections":[180],"is_highway":true,"value":0,"reference":-1,"weight":0}},{"lng":-59.9822426,"lat":-3.1007051,"properties":{"id":180,"structures":[],"connections":[181,196],"is_highway":true,"value":0,"reference":-1,"weight":0}},{"lng":-59.9824165,"lat":-3.1007568,"properties":{"id":181,"structures":[],"connections":[182,195],"is_highway":true,"value":0,"reference":-1,"weight":0}},{"lng":-59.982843,"lat":-3.1008658,"properties":{"id":182,"structures":[],"connections":[23],"is_highway":true,"value":0,"reference":-1,"weight":0}},{"lng":-59.9778053,"lat":-3.0995116,"properties":{"id":183,"structures":[],"connections":[184,192],"is_highway":true,"value":0,"reference":-1,"weight":0}},{"lng":-59.9776623,"lat":-3.0994476,"properties":{"id":184,"structures":[],"connections":[185],"is_highway":true,"value":0,"reference":-1,"weight":0}},{"lng":-59.9776401,"lat":-3.099384,"properties":{"id":185,"structures":[],"connections":[177],"is_highway":true,"value":0,"reference":-1,"weight":0}},{"lng":-59.9777358,"lat":-3.0992346,"properties":{"id":186,"structures":[],"connections":[187],"is_highway":true,"value":0,"reference":-1,"weight":0}},{"lng":-59.9778283,"lat":-3.099234,"properties":{"id":187,"structures":[],"connections":[167],"is_highway":true,"value":0,"reference":-1,"weight":0}},{"lng":-59.9779197,"lat":-3.0993262,"properties":{"id":188,"structures":[],"connections":[189],"is_highway":true,"value":0,"reference":-1,"weight":0}},{"lng":-59.9779242,"lat":-3.0993959,"properties":{"id":189,"structures":[],"connections":[190],"is_highway":true,"value":0,"reference":-1,"weight":0}},{"lng":-59.9778954,"lat":-3.0994592,"properties":{"id":190,"structures":[],"connections":[183],"is_highway":true,"value":0,"reference":-1,"weight":0}},{"lng":-59.9781665,"lat":-3.0994745,"properties":{"id":191,"structures":[],"connections":[183],"is_highway":true,"value":0,"reference":-1,"weight":0}},{"lng":-59.97741533997316,"lat":-3.0995731651216034,"properties":{"id":192,"structures":[],"connections":[138,185],"is_highway":true,"value":0,"reference":-1,"weight":0}},{"lng":-59.9822671,"lat":-3.1009343,"properties":{"id":193,"structures":[],"connections":[33,194],"is_highway":true,"value":0,"reference":-1,"weight":0}},{"lng":-59.982297,"lat":-3.1008397,"properties":{"id":194,"structures":[],"connections":[193,195,196],"is_highway":true,"value":0,"reference":-1,"weight":0}},{"lng":-59.9823515,"lat":-3.1007921,"properties":{"id":195,"structures":[],"connections":[194,181],"is_highway":true,"value":0,"reference":-1,"weight":0}},{"lng":-59.9822835,"lat":-3.10077,"properties":{"id":196,"structures":[],"connections":[194,180],"is_highway":true,"value":0,"reference":-1,"weight":0}},{"lng":-59.9778876,"lat":-3.0981728,"properties":{"id":197,"structures":[],"connections":[176,198],"is_highway":true,"value":0,"reference":-1,"weight":0}},{"lng":-59.977854,"lat":-3.0980751,"properties":{"id":198,"structures":[],"connections":[197,199],"is_highway":true,"value":0,"reference":-1,"weight":0}},{"lng":-59.977671,"lat":-3.0977966,"properties":{"id":199,"structures":[],"connections":[198,200],"is_highway":true,"value":0,"reference":-1,"weight":0}},{"lng":-59.97751915055701,"lat":-3.0977085309798493,"properties":{"id":200,"structures":[],"connections":[199,201,503],"is_highway":true,"value":0,"reference":-1,"weight":0}},{"lng":-59.9773384,"lat":-3.0976037,"properties":{"id":201,"structures":[],"connections":[200,202],"is_highway":true,"value":0,"reference":-1,"weight":0}},{"lng":-59.97650018842871,"lat":-3.097214452519948,"properties":{"id":202,"structures":[],"connections":[201,203,511],"is_highway":true,"value":0,"reference":-1,"weight":0}},{"lng":-59.97622369344586,"lat":-3.097086054147372,"properties":{"id":203,"structures":[],"connections":[202,204,510],"is_highway":true,"value":0,"reference":-1,"weight":0}},{"lng":-59.9759544,"lat":-3.096961,"properties":{"id":204,"structures":[],"connections":[203,205],"is_highway":true,"value":0,"reference":-1,"weight":0}},{"lng":-59.97589213969587,"lat":-3.0969528368980814,"properties":{"id":205,"structures":[],"connections":[204,206,509],"is_highway":true,"value":0,"reference":-1,"weight":0}},{"lng":-59.9753,"lat":-3.0968752,"properties":{"id":206,"structures":[],"connections":[205,207],"is_highway":true,"value":0,"reference":-1,"weight":0}},{"lng":-59.9745382,"lat":-3.0970359,"properties":{"id":207,"structures":[],"connections":[206,208,494],"is_highway":true,"value":0,"reference":-1,"weight":0}},{"lng":-59.9740232,"lat":-3.0971538,"properties":{"id":208,"structures":[],"connections":[207,209],"is_highway":true,"value":0,"reference":-1,"weight":0}},{"lng":-59.9735619,"lat":-3.0972181,"properties":{"id":209,"structures":[],"connections":[208,106],"is_highway":true,"value":0,"reference":-1,"weight":0}},{"lng":-59.9731864,"lat":-3.0971109,"properties":{"id":210,"structures":[],"connections":[106,211],"is_highway":true,"value":0,"reference":-1,"weight":0}},{"lng":-59.9730469,"lat":-3.0969288,"properties":{"id":211,"structures":[],"connections":[210,212],"is_highway":true,"value":0,"reference":-1,"weight":0}},{"lng":-59.9729718,"lat":-3.0966931,"properties":{"id":212,"structures":[],"connections":[211,213],"is_highway":true,"value":0,"reference":-1,"weight":0}},{"lng":-59.973004,"lat":-3.0964681,"properties":{"id":213,"structures":[],"connections":[212,214],"is_highway":true,"value":0,"reference":-1,"weight":0}},{"lng":-59.9731542,"lat":-3.0959432,"properties":{"id":214,"structures":[],"connections":[213,215],"is_highway":true,"value":0,"reference":-1,"weight":0}},{"lng":-59.9735404,"lat":-3.0950861,"properties":{"id":215,"structures":[],"connections":[214,216],"is_highway":true,"value":0,"reference":-1,"weight":0}},{"lng":-59.9736155,"lat":-3.0946362,"properties":{"id":216,"structures":[],"connections":[215,217],"is_highway":true,"value":0,"reference":-1,"weight":0}},{"lng":-59.9735941,"lat":-3.0943255,"properties":{"id":217,"structures":[],"connections":[216,218],"is_highway":true,"value":0,"reference":-1,"weight":0}},{"lng":-59.9734439,"lat":-3.0938648,"properties":{"id":218,"structures":[],"connections":[217,219],"is_highway":true,"value":0,"reference":-1,"weight":0}},{"lng":-59.9731756,"lat":-3.0934149,"properties":{"id":219,"structures":[],"connections":[218,220],"is_highway":true,"value":0,"reference":-1,"weight":0}},{"lng":-59.9726392,"lat":-3.0929649,"properties":{"id":220,"structures":[],"connections":[219,221],"is_highway":true,"value":0,"reference":-1,"weight":0}},{"lng":-59.9720491,"lat":-3.0924078,"properties":{"id":221,"structures":[],"connections":[220,222],"is_highway":true,"value":0,"reference":-1,"weight":0}},{"lng":-59.9716736,"lat":-3.0918293,"properties":{"id":222,"structures":[],"connections":[221,223],"is_highway":true,"value":0,"reference":-1,"weight":0}},{"lng":-59.9710299,"lat":-3.0904473,"properties":{"id":223,"structures":[],"connections":[222,224],"is_highway":true,"value":0,"reference":-1,"weight":0}},{"lng":-59.9705364,"lat":-3.0894296,"properties":{"id":224,"structures":[],"connections":[223,225],"is_highway":true,"value":0,"reference":-1,"weight":0}},{"lng":-59.9703325,"lat":-3.0892903,"properties":{"id":225,"structures":[],"connections":[224,226],"is_highway":true,"value":0,"reference":-1,"weight":0}},{"lng":-59.969957,"lat":-3.0891082,"properties":{"id":226,"structures":[],"connections":[225,227],"is_highway":true,"value":0,"reference":-1,"weight":0}},{"lng":-59.9692382,"lat":-3.0887761,"properties":{"id":227,"structures":[],"connections":[226,228],"is_highway":true,"value":0,"reference":-1,"weight":0}},{"lng":-59.9687876,"lat":-3.0884332,"properties":{"id":228,"structures":[],"connections":[227,48],"is_highway":true,"value":0,"reference":-1,"weight":0}},{"lng":-59.9677968,"lat":-3.0873408,"properties":{"id":229,"structures":[],"connections":[56,230],"is_highway":true,"value":0,"reference":-1,"weight":0}},{"lng":-59.9675763,"lat":-3.0870896,"properties":{"id":230,"structures":[],"connections":[229,231],"is_highway":true,"value":0,"reference":-1,"weight":0}},{"lng":-59.9673199,"lat":-3.0869932,"properties":{"id":231,"structures":[],"connections":[230,232],"is_highway":true,"value":0,"reference":-1,"weight":0}},{"lng":-59.9670466,"lat":-3.0869458,"properties":{"id":232,"structures":[],"connections":[231,233],"is_highway":true,"value":0,"reference":-1,"weight":0}},{"lng":-59.9667998,"lat":-3.087058,"properties":{"id":233,"structures":[],"connections":[232,234],"is_highway":true,"value":0,"reference":-1,"weight":0}},{"lng":-59.9665501,"lat":-3.0872141,"properties":{"id":234,"structures":[],"connections":[233,235],"is_highway":true,"value":0,"reference":-1,"weight":0}},{"lng":-59.9662263,"lat":-3.0875669,"properties":{"id":235,"structures":[],"connections":[234,236],"is_highway":true,"value":0,"reference":-1,"weight":0}},{"lng":-59.9659815,"lat":-3.0877983,"properties":{"id":236,"structures":[],"connections":[235,237],"is_highway":true,"value":0,"reference":-1,"weight":0}},{"lng":-59.9657371,"lat":-3.0878716,"properties":{"id":237,"structures":[],"connections":[236,238],"is_highway":true,"value":0,"reference":-1,"weight":0}},{"lng":-59.9654372,"lat":-3.0878454,"properties":{"id":238,"structures":[],"connections":[237,239],"is_highway":true,"value":0,"reference":-1,"weight":0}},{"lng":-59.9652532,"lat":-3.0877428,"properties":{"id":239,"structures":[],"connections":[238,74],"is_highway":true,"value":0,"reference":-1,"weight":0}},{"lng":-59.9649144,"lat":-3.0872012,"properties":{"id":240,"structures":[],"connections":[74,241],"is_highway":true,"value":0,"reference":-1,"weight":0}},{"lng":-59.9647814,"lat":-3.0870001,"properties":{"id":241,"structures":[],"connections":[240,242],"is_highway":true,"value":0,"reference":-1,"weight":0}},{"lng":-59.9645612,"lat":-3.0868914,"properties":{"id":242,"structures":[],"connections":[241,243],"is_highway":true,"value":0,"reference":-1,"weight":0}},{"lng":-59.9643692,"lat":-3.0868279,"properties":{"id":243,"structures":[],"connections":[242,244],"is_highway":true,"value":0,"reference":-1,"weight":0}},{"lng":-59.9640098,"lat":-3.0868807,"properties":{"id":244,"structures":[],"connections":[243,245],"is_highway":true,"value":0,"reference":-1,"weight":0}},{"lng":-59.9622988,"lat":-3.0873095,"properties":{"id":245,"structures":[],"connections":[244,246],"is_highway":true,"value":0,"reference":-1,"weight":0}},{"lng":-59.9621019,"lat":-3.0874495,"properties":{"id":246,"structures":[],"connections":[245,247],"is_highway":true,"value":0,"reference":-1,"weight":0}},{"lng":-59.9619563,"lat":-3.0876536,"properties":{"id":247,"structures":[],"connections":[246,248],"is_highway":true,"value":0,"reference":-1,"weight":0}},{"lng":-59.9619023,"lat":-3.0878189,"properties":{"id":248,"structures":[],"connections":[247,249],"is_highway":true,"value":0,"reference":-1,"weight":0}},{"lng":-59.9619125,"lat":-3.0879994,"properties":{"id":249,"structures":[],"connections":[248,250],"is_highway":true,"value":0,"reference":-1,"weight":0}},{"lng":-59.9620177,"lat":-3.0882618,"properties":{"id":250,"structures":[],"connections":[249,251],"is_highway":true,"value":0,"reference":-1,"weight":0}},{"lng":-59.9622751,"lat":-3.0887332,"properties":{"id":251,"structures":[],"connections":[250,129],"is_highway":true,"value":0,"reference":-1,"weight":0}},{"lng":-59.962381,"lat":-3.0899355,"properties":{"id":252,"structures":[],"connections":[127,125],"is_highway":true,"value":0,"reference":-1,"weight":0}},{"lng":-59.961447076971965,"lat":-3.0899723585170644,"properties":{"id":253,"structures":[],"connections":[125,128,394],"is_highway":true,"value":0,"reference":-1,"weight":0}},{"lng":-59.9608255,"lat":-3.0899857,"properties":{"id":254,"structures":[],"connections":[120,255],"is_highway":true,"value":0,"reference":-1,"weight":0}},{"lng":-59.9606028,"lat":-3.0900726,"properties":{"id":255,"structures":[],"connections":[254,256],"is_highway":true,"value":0,"reference":-1,"weight":0}},{"lng":-59.9605291,"lat":-3.0901428,"properties":{"id":256,"structures":[],"connections":[255,257],"is_highway":true,"value":0,"reference":-1,"weight":0}},{"lng":-59.9604672,"lat":-3.0902364,"properties":{"id":257,"structures":[],"connections":[256,258],"is_highway":true,"value":0,"reference":-1,"weight":0}},{"lng":-59.9604739,"lat":-3.0903066,"properties":{"id":258,"structures":[],"connections":[257,259],"is_highway":true,"value":0,"reference":-1,"weight":0}},{"lng":-59.960565,"lat":-3.0904265,"properties":{"id":259,"structures":[],"connections":[258,260],"is_highway":true,"value":0,"reference":-1,"weight":0}},{"lng":-59.9611915,"lat":-3.0907687,"properties":{"id":260,"structures":[],"connections":[259,261],"is_highway":true,"value":0,"reference":-1,"weight":0}},{"lng":-59.9613483,"lat":-3.0909048,"properties":{"id":261,"structures":[],"connections":[260,262],"is_highway":true,"value":0,"reference":-1,"weight":0}},{"lng":-59.9613869,"lat":-3.0911196,"properties":{"id":262,"structures":[],"connections":[261,263],"is_highway":true,"value":0,"reference":-1,"weight":0}},{"lng":-59.961329,"lat":-3.0913894,"properties":{"id":263,"structures":[],"connections":[262,264],"is_highway":true,"value":0,"reference":-1,"weight":0}},{"lng":-59.961056,"lat":-3.0917777,"properties":{"id":264,"structures":[],"connections":[263,265],"is_highway":true,"value":0,"reference":-1,"weight":0}},{"lng":-59.9609843,"lat":-3.0919126,"properties":{"id":265,"structures":[],"connections":[264,266],"is_highway":true,"value":0,"reference":-1,"weight":0}},{"lng":-59.960943,"lat":-3.092031,"properties":{"id":266,"structures":[],"connections":[265,267],"is_highway":true,"value":0,"reference":-1,"weight":0}},{"lng":-59.960943,"lat":-3.0920971,"properties":{"id":267,"structures":[],"connections":[266,268],"is_highway":true,"value":0,"reference":-1,"weight":0}},{"lng":-59.9609678,"lat":-3.0921522,"properties":{"id":268,"structures":[],"connections":[267,269],"is_highway":true,"value":0,"reference":-1,"weight":0}},{"lng":-59.9611332,"lat":-3.0922375,"properties":{"id":269,"structures":[],"connections":[268,270],"is_highway":true,"value":0,"reference":-1,"weight":0}},{"lng":-59.9617293,"lat":-3.0924245,"properties":{"id":270,"structures":[],"connections":[269,271],"is_highway":true,"value":0,"reference":-1,"weight":0}},{"lng":-59.9619195455754,"lat":-3.0924602723434376,"properties":{"id":271,"structures":["FES - PARADA DE ÔNIBUS(DESEMBARQUE)"],"connections":[270,272],"is_highway":true,"value":0,"reference":-1,"weight":0}},{"lng":-59.9622223,"lat":-3.0925172,"properties":{"id":272,"structures":[],"connections":[271,273],"is_highway":true,"value":0,"reference":-1,"weight":0}},{"lng":-59.9633909,"lat":-3.0925364,"properties":{"id":273,"structures":[],"connections":[272,274],"is_highway":true,"value":0,"reference":-1,"weight":0}},{"lng":-59.9637033,"lat":-3.0925184,"properties":{"id":274,"structures":[],"connections":[273,275],"is_highway":true,"value":0,"reference":-1,"weight":0}},{"lng":-59.9639377,"lat":-3.0924688,"properties":{"id":275,"structures":[],"connections":[274,276],"is_highway":true,"value":0,"reference":-1,"weight":0}},{"lng":-59.9641694,"lat":-3.0923697,"properties":{"id":276,"structures":[],"connections":[275,277],"is_highway":true,"value":0,"reference":-1,"weight":0}},{"lng":-59.9642879,"lat":-3.0922348,"properties":{"id":277,"structures":[],"connections":[276,278],"is_highway":true,"value":0,"reference":-1,"weight":0}},{"lng":-59.9644093,"lat":-3.0920778,"properties":{"id":278,"structures":[],"connections":[277,279],"is_highway":true,"value":0,"reference":-1,"weight":0}},{"lng":-59.96442987048992,"lat":-3.092027281301576,"properties":{"id":279,"structures":[],"connections":[278,280,518],"is_highway":true,"value":0,"reference":-1,"weight":0}},{"lng":-59.9645113,"lat":-3.0918273,"properties":{"id":280,"structures":[],"connections":[279,281],"is_highway":true,"value":0,"reference":-1,"weight":0}},{"lng":-59.9646712,"lat":-3.0912931,"properties":{"id":281,"structures":[],"connections":[280,282],"is_highway":true,"value":0,"reference":-1,"weight":0}},{"lng":-59.96477788787649,"lat":-3.0908733888350586,"properties":{"id":282,"structures":["FT/FD/ICE - PARADA DE ÔNIBUS(DESEMBARQUE)"],"connections":[281,47],"is_highway":true,"value":0,"reference":-1,"weight":0}},{"lng":-59.9677512,"lat":-3.0902867,"properties":{"id":283,"structures":[],"connections":[54,284],"is_highway":true,"value":0,"reference":-1,"weight":0}},{"lng":-59.9676369,"lat":-3.0904423,"properties":{"id":284,"structures":[],"connections":[283,285],"is_highway":true,"value":0,"reference":-1,"weight":0}},{"lng":-59.967521,"lat":-3.0905392,"properties":{"id":285,"structures":[],"connections":[284,286],"is_highway":true,"value":0,"reference":-1,"weight":0}},{"lng":-59.9674087,"lat":-3.0906065,"properties":{"id":286,"structures":[],"connections":[285,287],"is_highway":true,"value":0,"reference":-1,"weight":0}},{"lng":-59.967281,"lat":-3.0906962,"properties":{"id":287,"structures":[],"connections":[286,288],"is_highway":true,"value":0,"reference":-1,"weight":0}},{"lng":-59.9671654,"lat":-3.0908063,"properties":{"id":288,"structures":[],"connections":[287,289],"is_highway":true,"value":0,"reference":-1,"weight":0}},{"lng":-59.9670707,"lat":-3.0909871,"properties":{"id":289,"structures":[],"connections":[288,290],"is_highway":true,"value":0,"reference":-1,"weight":0}},{"lng":-59.9670525,"lat":-3.0915176,"properties":{"id":290,"structures":[],"connections":[289,291],"is_highway":true,"value":0,"reference":-1,"weight":0}},{"lng":-59.9670095,"lat":-3.0917,"properties":{"id":291,"structures":[],"connections":[290,292],"is_highway":true,"value":0,"reference":-1,"weight":0}},{"lng":-59.9669173,"lat":-3.0918278,"properties":{"id":292,"structures":[],"connections":[291,293],"is_highway":true,"value":0,"reference":-1,"weight":0}},{"lng":-59.9668105,"lat":-3.0919022,"properties":{"id":293,"structures":[],"connections":[292,294],"is_highway":true,"value":0,"reference":-1,"weight":0}},{"lng":-59.9666759,"lat":-3.0918982,"properties":{"id":294,"structures":[],"connections":[293,295],"is_highway":true,"value":0,"reference":-1,"weight":0}},{"lng":-59.9664858,"lat":-3.091806,"properties":{"id":295,"structures":[],"connections":[294,45],"is_highway":true,"value":0,"reference":-1,"weight":0}},{"lng":-59.9648193,"lat":-3.0885312,"properties":{"id":296,"structures":["ICOMP"],"connections":[16],"is_highway":false,"value":0,"reference":-1,"weight":0}},{"lng":-59.9643057480053,"lat":-3.088672960938182,"properties":{"id":297,"structures":["FT - LABORATÓRIOS"],"connections":[16,10,307],"is_highway":false,"value":0,"reference":-1,"weight":0}},{"lng":-59.9647764,"lat":-3.0888285,"properties":{"id":298,"structures":["ICE - FÍSICA"],"connections":[10,15],"is_highway":false,"value":0,"reference":-1,"weight":0}},{"lng":-59.96477535990551,"lat":-3.0891239134817274,"properties":{"id":299,"structures":["ICE - ESTATÍSTIICA"],"connections":[15,300,8],"is_highway":false,"value":0,"reference":-1,"weight":0}},{"lng":-59.96477480500379,"lat":-3.0892836904933847,"properties":{"id":300,"structures":["ICE - SALAS DE AULA"],"connections":[299,3,12],"is_highway":false,"value":0,"reference":-1,"weight":0}},{"lng":-59.9647669,"lat":-3.0898951,"properties":{"id":301,"structures":[],"connections":[1,451,524],"is_highway":false,"value":0,"reference":-1,"weight":0}},{"lng":-59.964355695425326,"lat":-3.0902279851422016,"properties":{"id":302,"structures":["ESTACIONAMENTO FT FD ICE"],"connections":[4,304,429],"is_highway":true,"value":0,"reference":-1,"weight":0}},{"lng":-59.96474688997057,"lat":-3.090162580320029,"properties":{"id":303,"structures":["ESTACIONAMENTO FT FD ICE"],"connections":[4,304,524],"is_highway":true,"value":0,"reference":-1,"weight":0}},{"lng":-59.96475286764938,"lat":-3.090228913626034,"properties":{"id":304,"structures":["ESTACIONAMENTO FT FD ICE"],"connections":[303,425,302],"is_highway":true,"value":0,"reference":-1,"weight":0}},{"lng":-59.96385718853482,"lat":-3.0892862087593027,"properties":{"id":305,"structures":["FT - REPOGRAFIA / ADMINISTRAÇÃO / BIBLIOTECA"],"connections":[7,349,350],"is_highway":false,"value":0,"reference":-1,"weight":0}},{"lng":-59.96386268204499,"lat":-3.088982026377637,"properties":{"id":306,"structures":["FT - SALAS DE AULA 1"],"connections":[9,348,349],"is_highway":false,"value":0,"reference":-1,"weight":0}},{"lng":-59.96386826609145,"lat":-3.088672830800193,"properties":{"id":307,"structures":["FT - LABORATÓRIOS"],"connections":[297,308,348],"is_highway":false,"value":0,"reference":-1,"weight":0}},{"lng":-59.96387375540639,"lat":-3.088368880538582,"properties":{"id":308,"structures":["FT - SALAS DE DESENHO"],"connections":[17,347,307],"is_highway":false,"value":0,"reference":-1,"weight":0}},{"lng":-59.962420910319985,"lat":-3.090749957526758,"properties":{"id":309,"structures":["ICHL - SALAS DE AULA 2"],"connections":[310,375,376],"is_highway":false,"value":0,"reference":-1,"weight":0}},{"lng":-59.961927386264485,"lat":-3.0907526454656136,"properties":{"id":310,"structures":["ICHL - SALAS DE AULA 2"],"connections":[309,389,390],"is_highway":false,"value":0,"reference":-1,"weight":0}},{"lng":-59.9633671311361,"lat":-3.091961268903147,"properties":{"id":311,"structures":["ADMINISTRAÇÃO 4"],"connections":[312,360,361],"is_highway":false,"value":0,"reference":-1,"weight":0}},{"lng":-59.962859572168966,"lat":-3.0919690331307605,"properties":{"id":312,"structures":["ADMINISTRAÇÃO 4"],"connections":[311,363,314],"is_highway":false,"value":0,"reference":-1,"weight":0}},{"lng":-59.96336259551005,"lat":-3.0916623579702054,"properties":{"id":313,"structures":[],"connections":[314,358,359],"is_highway":false,"value":0,"reference":-1,"weight":0}},{"lng":-59.96286210688425,"lat":-3.0916597417885794,"properties":{"id":314,"structures":[],"connections":[313,312,316],"is_highway":false,"value":0,"reference":-1,"weight":0}},{"lng":-59.963345369111735,"lat":-3.0913581188922876,"properties":{"id":315,"structures":["FACED - ÁREA DE LAZER"],"connections":[316,317,358],"is_highway":false,"value":0,"reference":-1,"weight":0}},{"lng":-59.962864620999675,"lat":-3.0913529639952833,"properties":{"id":316,"structures":["FACED - ÁREA DE LAZER"],"connections":[315,314,318],"is_highway":false,"value":0,"reference":-1,"weight":0}},{"lng":-59.963349146054284,"lat":-3.0910696032017784,"properties":{"id":317,"structures":["ICHL - FACED - ADMINISTRAÇÃO 3"],"connections":[318,357,315],"is_highway":false,"value":0,"reference":-1,"weight":0}},{"lng":-59.9628670480496,"lat":-3.0910568100370592,"properties":{"id":318,"structures":["ICHL - FACED - ADMINISTRAÇÃO 3"],"connections":[317,316,364],"is_highway":false,"value":0,"reference":-1,"weight":0}},{"lng":-59.96436402406013,"lat":-3.0907584640899803,"properties":{"id":319,"structures":["ESTACIONAMENTO FT FD ICE"],"connections":[320,428,429],"is_highway":false,"value":0,"reference":-1,"weight":0}},{"lng":-59.9633532620663,"lat":-3.0907551863518967,"properties":{"id":320,"structures":["ICHL - ADMINISTRAÇÃO 2"],"connections":[319,321,322,357],"is_highway":false,"value":0,"reference":-1,"weight":0}},{"lng":-59.962869562165025,"lat":-3.0907500320694274,"properties":{"id":321,"structures":["ICHL - ADMINISTRAÇÃO 2"],"connections":[320,364,323],"is_highway":false,"value":0,"reference":-1,"weight":0}},{"lng":-59.96335744509853,"lat":-3.0904356498178056,"properties":{"id":322,"structures":["ICHL - ADMINISTRAÇÃO 1"],"connections":[323,356,320],"is_highway":false,"value":0,"reference":-1,"weight":0}},{"lng":-59.96287218135354,"lat":-3.0904304327558347,"properties":{"id":323,"structures":["ICHL - ADMINISTRAÇÃO 1"],"connections":[322,321,365],"is_highway":false,"value":0,"reference":-1,"weight":0}},{"lng":-59.9745393894542,"lat":-3.0985322633530306,"properties":{"id":324,"structures":[],"connections":[84,325],"is_highway":false,"value":0,"reference":-1,"weight":0}},{"lng":-59.97485262531747,"lat":-3.098449803713786,"properties":{"id":325,"structures":[],"connections":[324,326],"is_highway":false,"value":0,"reference":-1,"weight":0}},{"lng":-59.975155268490425,"lat":-3.0982627997363674,"properties":{"id":326,"structures":[],"connections":[325,327],"is_highway":false,"value":0,"reference":-1,"weight":0}},{"lng":-59.97517591512978,"lat":-3.098213835641868,"properties":{"id":327,"structures":[],"connections":[326,328],"is_highway":false,"value":0,"reference":-1,"weight":0}},{"lng":-59.97517075346993,"lat":-3.097600495739965,"properties":{"id":328,"structures":[],"connections":[327,329],"is_highway":false,"value":0,"reference":-1,"weight":0}},{"lng":-59.97519914259905,"lat":-3.0975463774962675,"properties":{"id":329,"structures":[],"connections":[328,330],"is_highway":false,"value":0,"reference":-1,"weight":0}},{"lng":-59.97525075919747,"lat":-3.097515452784341,"properties":{"id":330,"structures":[],"connections":[329,331],"is_highway":false,"value":0,"reference":-1,"weight":0}},{"lng":-59.97588822418774,"lat":-3.0974871051309485,"properties":{"id":331,"structures":[],"connections":[330,58,332],"is_highway":false,"value":0,"reference":-1,"weight":0}},{"lng":-59.975446902271415,"lat":-3.0975283380810867,"properties":{"id":332,"structures":[],"connections":[331,333],"is_highway":false,"value":0,"reference":-1,"weight":0}},{"lng":-59.97529721413604,"lat":-3.0976185351539165,"properties":{"id":333,"structures":[],"connections":[332,334],"is_highway":false,"value":0,"reference":-1,"weight":0}},{"lng":-59.975281729156514,"lat":-3.0976881157477067,"properties":{"id":334,"structures":[],"connections":[333,335],"is_highway":false,"value":0,"reference":-1,"weight":0}},{"lng":-59.97528947164627,"lat":-3.0981184845039746,"properties":{"id":335,"structures":[],"connections":[334,336,440],"is_highway":false,"value":0,"reference":-1,"weight":0}},{"lng":-59.97528430998643,"lat":-3.098517928402635,"properties":{"id":336,"structures":[],"connections":[335,337],"is_highway":false,"value":0,"reference":-1,"weight":0}},{"lng":-59.97528430998643,"lat":-3.098716361767217,"properties":{"id":337,"structures":[],"connections":[336,338],"is_highway":false,"value":0,"reference":-1,"weight":0}},{"lng":-59.97527914832659,"lat":-3.0987833652325705,"properties":{"id":338,"structures":[],"connections":[337,339],"is_highway":false,"value":0,"reference":-1,"weight":0}},{"lng":-59.974959410270884,"lat":-3.098877740737262,"properties":{"id":339,"structures":[],"connections":[338,340],"is_highway":false,"value":0,"reference":-1,"weight":0}},{"lng":-59.97465898860201,"lat":-3.098968730646857,"properties":{"id":340,"structures":[],"connections":[339,107],"is_highway":false,"value":0,"reference":-1,"weight":0}},{"lng":-59.964298972800975,"lat":-3.0880551020553186,"properties":{"id":341,"structures":["FT - LABORATÓRIO DE TRANSPORTES"],"connections":[18,342,346],"is_highway":false,"value":0,"reference":-1,"weight":0}},{"lng":-59.96429894685545,"lat":-3.087899806848869,"properties":{"id":342,"structures":["FT - GEOTECNIA"],"connections":[341,343],"is_highway":false,"value":0,"reference":-1,"weight":0}},{"lng":-59.964298922344575,"lat":-3.087753098633326,"properties":{"id":343,"structures":["FT - PÓS GRADUAÇÃO"],"connections":[342,344],"is_highway":false,"value":0,"reference":-1,"weight":0}},{"lng":-59.963884819430696,"lat":-3.0877562513535315,"properties":{"id":344,"structures":["FT - PÓS GRADUAÇÃO"],"connections":[343,345,87],"is_highway":false,"value":0,"reference":-1,"weight":0}},{"lng":-59.96388221176797,"lat":-3.0879006410080967,"properties":{"id":345,"structures":["FT - LABORATÓRIO DE MATERIAIS DE CONSTRUÇÃO"],"connections":[344,346,410],"is_highway":false,"value":0,"reference":-1,"weight":0}},{"lng":-59.96387950784558,"lat":-3.0880503606629897,"properties":{"id":346,"structures":["FT - LABORATÓRIO DE TRANSPORTES"],"connections":[345,347,341],"is_highway":false,"value":0,"reference":-1,"weight":0}},{"lng":-59.96387642482251,"lat":-3.0882210715839977,"properties":{"id":347,"structures":["FT - LABORATÓRIO DE HIDRAÚLICA E SANEAMENTO"],"connections":[346,308,408],"is_highway":false,"value":0,"reference":-1,"weight":0}},{"lng":-59.96386543363824,"lat":-3.0888296672585134,"properties":{"id":348,"structures":[],"connections":[307,306,413],"is_highway":false,"value":0,"reference":-1,"weight":0}},{"lng":-59.96386022639704,"lat":-3.0891179986212722,"properties":{"id":349,"structures":[],"connections":[306,305,417],"is_highway":false,"value":0,"reference":-1,"weight":0}},{"lng":-59.96385667013321,"lat":-3.0893753314915853,"properties":{"id":350,"structures":[],"connections":[305,351],"is_highway":false,"value":0,"reference":-1,"weight":0}},{"lng":-59.963370173267535,"lat":-3.089463360517654,"properties":{"id":351,"structures":[],"connections":[350,352,400],"is_highway":false,"value":0,"reference":-1,"weight":0}},{"lng":-59.963369147988196,"lat":-3.0895416803893205,"properties":{"id":352,"structures":[],"connections":[351,353,369],"is_highway":false,"value":0,"reference":-1,"weight":0}},{"lng":-59.96336864903,"lat":-3.089579795209975,"properties":{"id":353,"structures":["CENTRO DE CONVIVÊNCIA"],"connections":[352,354,354],"is_highway":false,"value":0,"reference":-1,"weight":0}},{"lng":-59.96336819635828,"lat":-3.0896143742624793,"properties":{"id":354,"structures":["CENTRO DE CONVIVÊNCIA"],"connections":[353,355,422,423,353],"is_highway":false,"value":0,"reference":-1,"weight":0}},{"lng":-59.963359914711404,"lat":-3.0898176369361314,"properties":{"id":355,"structures":["CENTRO DE CONVIVÊNCIA"],"connections":[354,356,424,421],"is_highway":false,"value":0,"reference":-1,"weight":0}},{"lng":-59.96336280642173,"lat":-3.0900261049891333,"properties":{"id":356,"structures":["CENTRO DE CONVIVÊNCIA"],"connections":[355,322,419,420],"is_highway":false,"value":0,"reference":-1,"weight":0}},{"lng":-59.963351612758956,"lat":-3.090881174825078,"properties":{"id":357,"structures":[],"connections":[320,317],"is_highway":false,"value":0,"reference":-1,"weight":0}},{"lng":-59.963344052630475,"lat":-3.091458683150157,"properties":{"id":358,"structures":[],"connections":[315,313],"is_highway":false,"value":0,"reference":-1,"weight":0}},{"lng":-59.963370173267556,"lat":-3.091745591978301,"properties":{"id":359,"structures":[],"connections":[313,360],"is_highway":false,"value":0,"reference":-1,"weight":0}},{"lng":-59.96336941277617,"lat":-3.091799508273285,"properties":{"id":360,"structures":[],"connections":[359,311,434],"is_highway":false,"value":0,"reference":-1,"weight":0}},{"lng":-59.96336364310828,"lat":-3.0922085583328003,"properties":{"id":361,"structures":["FES - ADMINISTRAÇÃO"],"connections":[311,362],"is_highway":false,"value":0,"reference":-1,"weight":0}},{"lng":-59.962857555764806,"lat":-3.092215078984237,"properties":{"id":362,"structures":["FES - ADMINISTRAÇÃO"],"connections":[361,363],"is_highway":false,"value":0,"reference":-1,"weight":0}},{"lng":-59.96285827757072,"lat":-3.0921270027241294,"properties":{"id":363,"structures":["FES - ÁREA DE LAZER"],"connections":[362,312,387],"is_highway":false,"value":0,"reference":-1,"weight":0}},{"lng":-59.96286824331607,"lat":-3.0909109609693894,"properties":{"id":364,"structures":["ICHL - RESTAURANTE"],"connections":[318,321,506],"is_highway":false,"value":0,"reference":-1,"weight":0}},{"lng":-59.96287332009848,"lat":-3.090291480487494,"properties":{"id":365,"structures":["ICHL - ÁREA DE LAZER"],"connections":[323,366,397],"is_highway":false,"value":0,"reference":-1,"weight":0}},{"lng":-59.96287388116296,"lat":-3.090223018105948,"properties":{"id":366,"structures":["ICHL - ÁREA DE LAZER"],"connections":[365,367],"is_highway":false,"value":0,"reference":-1,"weight":0}},{"lng":-59.962844495446255,"lat":-3.0900763031634466,"properties":{"id":367,"structures":[],"connections":[366,368],"is_highway":false,"value":0,"reference":-1,"weight":0}},{"lng":-59.962857630929996,"lat":-3.0897177885784033,"properties":{"id":368,"structures":[],"connections":[367,369,370],"is_highway":false,"value":0,"reference":-1,"weight":0}},{"lng":-59.96286408592407,"lat":-3.089541608534696,"properties":{"id":369,"structures":[],"connections":[368,352],"is_highway":false,"value":0,"reference":-1,"weight":0}},{"lng":-59.9625034,"lat":-3.089772,"properties":{"id":370,"structures":["ICHL - PARADA DE ÔNIBUS"],"connections":[368],"is_highway":false,"value":0,"reference":-1,"weight":0}},{"lng":-59.9624663,"lat":-3.0898486,"properties":{"id":371,"structures":[],"connections":[372],"is_highway":false,"value":0,"reference":-1,"weight":0}},{"lng":-59.96246248112892,"lat":-3.089955670862197,"properties":{"id":372,"structures":[],"connections":[371,373],"is_highway":false,"value":0,"reference":-1,"weight":0}},{"lng":-59.96240697477512,"lat":-3.090001315518336,"properties":{"id":373,"structures":[],"connections":[372,374],"is_highway":false,"value":0,"reference":-1,"weight":0}},{"lng":-59.962412256296055,"lat":-3.0902850481850197,"properties":{"id":374,"structures":["ICHL - ÁREA DE LAZER"],"connections":[373,375,397],"is_highway":false,"value":0,"reference":-1,"weight":0}},{"lng":-59.96241516611684,"lat":-3.0904413688830514,"properties":{"id":375,"structures":["ICHL - SALAS DE AULA 1"],"connections":[374,309,391],"is_highway":false,"value":0,"reference":-1,"weight":0}},{"lng":-59.962423805593126,"lat":-3.0909129996085642,"properties":{"id":376,"structures":["ICHL - SALAS DE AULA 3","ICHL - RESTAURANTE"],"connections":[309,377,506],"is_highway":false,"value":0,"reference":-1,"weight":0}},{"lng":-59.962430210206534,"lat":-3.091352143191016,"properties":{"id":377,"structures":["FACED - SALAS DE AULA 1"],"connections":[376,378,389],"is_highway":false,"value":0,"reference":-1,"weight":0}},{"lng":-59.96243461668006,"lat":-3.0916542806919867,"properties":{"id":378,"structures":["FACED - SALAS DE AULA 2"],"connections":[377,379,386],"is_highway":false,"value":0,"reference":-1,"weight":0}},{"lng":-59.96243923079261,"lat":-3.091970655229709,"properties":{"id":379,"structures":["FES - SALAS DE AULA 1"],"connections":[378,380,384],"is_highway":false,"value":0,"reference":-1,"weight":0}},{"lng":-59.962441370767884,"lat":-3.092117386271422,"properties":{"id":380,"structures":["FES - ÁREA DE LAZER"],"connections":[379,381,387],"is_highway":false,"value":0,"reference":-1,"weight":0}},{"lng":-59.962442890651104,"lat":-3.0922215996356344,"properties":{"id":381,"structures":["FES - SALAS DE AULA 3"],"connections":[380,382],"is_highway":false,"value":0,"reference":-1,"weight":0}},{"lng":-59.96191394775018,"lat":-3.0922215996356344,"properties":{"id":382,"structures":["FES - SALAS DE AULA 3"],"connections":[381,383],"is_highway":false,"value":0,"reference":-1,"weight":0}},{"lng":-59.96191473398726,"lat":-3.0920849935659427,"properties":{"id":383,"structures":["FES - SALAS DE AULA 2"],"connections":[382,384],"is_highway":false,"value":0,"reference":-1,"weight":0}},{"lng":-59.96191539302539,"lat":-3.09197048787196,"properties":{"id":384,"structures":["FES - SALAS DE AULA 1"],"connections":[383,385,379],"is_highway":false,"value":0,"reference":-1,"weight":0}},{"lng":-59.96191648406219,"lat":-3.0917809238130047,"properties":{"id":385,"structures":["ICHL - SALAS DE AULA 4"],"connections":[384,386],"is_highway":false,"value":0,"reference":-1,"weight":0}},{"lng":-59.961917212829825,"lat":-3.0916543028141263,"properties":{"id":386,"structures":["FACED - SALAS DE AULA 2"],"connections":[385,378],"is_highway":false,"value":0,"reference":-1,"weight":0}},{"lng":-59.962638838197684,"lat":-3.092121941093247,"properties":{"id":387,"structures":["FES - ÁREA DE LAZER"],"connections":[380,363,388],"is_highway":false,"value":0,"reference":-1,"weight":0}},{"lng":-59.96263879542923,"lat":-3.0922248599613167,"properties":{"id":388,"structures":["AUDITÓRIO RIO AMAZONAS"],"connections":[387],"is_highway":false,"value":0,"reference":-1,"weight":0}},{"lng":-59.96192374298911,"lat":-3.0913510923195986,"properties":{"id":389,"structures":["FACED - SALAS DE AULA 1"],"connections":[377,310],"is_highway":false,"value":0,"reference":-1,"weight":0}},{"lng":-59.96192832782511,"lat":-3.0905979840309943,"properties":{"id":390,"structures":["ICHL - LABORATÓRIO 1"],"connections":[310,391,396],"is_highway":false,"value":0,"reference":-1,"weight":0}},{"lng":-59.961929260911845,"lat":-3.090444714502781,"properties":{"id":391,"structures":["ICHL - SALAS DE AULA 1"],"connections":[390,392,375],"is_highway":false,"value":0,"reference":-1,"weight":0}},{"lng":-59.96193027314837,"lat":-3.090278443745615,"properties":{"id":392,"structures":["ICHL - ARTES"],"connections":[391,393],"is_highway":false,"value":0,"reference":-1,"weight":0}},{"lng":-59.96144704136235,"lat":-3.090278443745615,"properties":{"id":393,"structures":["ICHL - ARTES"],"connections":[392,394,395],"is_highway":false,"value":0,"reference":-1,"weight":0}},{"lng":-59.96144704136235,"lat":-3.090073042831162,"properties":{"id":394,"structures":["ICHL - SALAS DE AULA 4"],"connections":[393,253],"is_highway":false,"value":0,"reference":-1,"weight":0}},{"lng":-59.961443333064885,"lat":-3.0903969366985224,"properties":{"id":395,"structures":["ICHL - LABORATÓRIO 2"],"connections":[393,396],"is_highway":false,"value":0,"reference":-1,"weight":0}},{"lng":-59.96143724612344,"lat":-3.0905914355388133,"properties":{"id":396,"structures":["ICHL - LABORATÓRIO 1"],"connections":[395,390],"is_highway":false,"value":0,"reference":-1,"weight":0}},{"lng":-59.96263222116115,"lat":-3.090288116915509,"properties":{"id":397,"structures":["ICHL - ÁREA DE LAZER"],"connections":[365,374,398],"is_highway":false,"value":0,"reference":-1,"weight":0}},{"lng":-59.96263226526997,"lat":-3.0903795140222607,"properties":{"id":398,"structures":["ICHL - AUDITÓRIOS"],"connections":[397],"is_highway":false,"value":0,"reference":-1,"weight":0}},{"lng":-59.96341580475828,"lat":-3.087739261775322,"properties":{"id":399,"structures":["FT - ADMINISTRAÇÃO"],"connections":[86,410],"is_highway":false,"value":0,"reference":-1,"weight":0}},{"lng":-59.963378727154534,"lat":-3.0892422833047917,"properties":{"id":400,"structures":["FT - SALAS DE AULA 2"],"connections":[351,401],"is_highway":false,"value":0,"reference":-1,"weight":0}},{"lng":-59.963383104869955,"lat":-3.089129140207081,"properties":{"id":401,"structures":["FT - ÁREA DE LAZER"],"connections":[400,402,417],"is_highway":false,"value":0,"reference":-1,"weight":0}},{"lng":-59.96338872300009,"lat":-3.0889839382775053,"properties":{"id":402,"structures":["FT - LABORATÓRIO DE ELETRÔNICA 3"],"connections":[401,403,416],"is_highway":false,"value":0,"reference":-1,"weight":0}},{"lng":-59.963390408398816,"lat":-3.0889403787366594,"properties":{"id":403,"structures":["FT - LABORATÓRIO DE ELETRÔNICA 3"],"connections":[402,404],"is_highway":false,"value":0,"reference":-1,"weight":0}},{"lng":-59.96339315126144,"lat":-3.088831919182772,"properties":{"id":404,"structures":[],"connections":[403,405,413],"is_highway":false,"value":0,"reference":-1,"weight":0}},{"lng":-59.96339717447972,"lat":-3.0886728311870995,"properties":{"id":405,"structures":["FT - LABORATÓRIO DE ELETRÔNICA 1"],"connections":[404,406,414],"is_highway":false,"value":0,"reference":-1,"weight":0}},{"lng":-59.963401952198566,"lat":-3.088483908343259,"properties":{"id":406,"structures":[],"connections":[405,407],"is_highway":false,"value":0,"reference":-1,"weight":0}},{"lng":-59.96340500257088,"lat":-3.088319935135118,"properties":{"id":407,"structures":["FT - LABORATÓRIO DE ELETRICIDADE"],"connections":[406,408],"is_highway":false,"value":0,"reference":-1,"weight":0}},{"lng":-59.96340684124359,"lat":-3.0882210970036295,"properties":{"id":408,"structures":["FT - LABORATÓRIO DE HIDRAÚLICA E SANEAMENTO"],"connections":[407,409,347],"is_highway":false,"value":0,"reference":-1,"weight":0}},{"lng":-59.963410946998806,"lat":-3.0880003914740706,"properties":{"id":409,"structures":["CETELI"],"connections":[408,410],"is_highway":false,"value":0,"reference":-1,"weight":0}},{"lng":-59.9634128044875,"lat":-3.0879005418562473,"properties":{"id":410,"structures":["FT - LABORATÓRIO DE MATERIAIS DE CONSTRUÇÃO"],"connections":[409,399,345],"is_highway":false,"value":0,"reference":-1,"weight":0}},{"lng":-59.96578541941831,"lat":-3.0895660119415966,"properties":{"id":411,"structures":["FD - SALAS DE AULA 1"],"connections":[412,452],"is_highway":false,"value":0,"reference":-1,"weight":0}},{"lng":-59.96578459246821,"lat":-3.0894291245968883,"properties":{"id":412,"structures":["FD - SALAS DE AULA 2"],"connections":[411,11],"is_highway":false,"value":0,"reference":-1,"weight":0}},{"lng":-59.96366053773632,"lat":-3.0888306442377,"properties":{"id":413,"structures":[],"connections":[348,404,417],"is_highway":false,"value":0,"reference":-1,"weight":0}},{"lng":-59.96285939360995,"lat":-3.0886706462551907,"properties":{"id":414,"structures":["FT - LABORATÓRIO DE ELETRÔNICA 1"],"connections":[405,415],"is_highway":false,"value":0,"reference":-1,"weight":0}},{"lng":-59.96286018089781,"lat":-3.088775989572193,"properties":{"id":415,"structures":["FT - LABORATÓRIO DE ELETRÔNICA 2"],"connections":[414,416],"is_highway":false,"value":0,"reference":-1,"weight":0}},{"lng":-59.962861702369906,"lat":-3.0889795706299785,"properties":{"id":416,"structures":["FT - LABORATÓRIO DE ELETRÔNICA 3"],"connections":[415,402],"is_highway":false,"value":0,"reference":-1,"weight":0}},{"lng":-59.963662842073,"lat":-3.0891271165683096,"properties":{"id":417,"structures":["FT - ÁREA DE LAZER"],"connections":[413,349,418,401],"is_highway":false,"value":0,"reference":-1,"weight":0}},{"lng":-59.963662842073,"lat":-3.0892008895297876,"properties":{"id":418,"structures":["FT - AUDITÓRIOS"],"connections":[417],"is_highway":false,"value":0,"reference":-1,"weight":0}},{"lng":-59.96415423453313,"lat":-3.090032326459461,"properties":{"id":419,"structures":["CENTRO DE CONVIVÊNCIA"],"connections":[6,356,424],"is_highway":false,"value":0,"reference":-1,"weight":0}},{"lng":-59.96294570268875,"lat":-3.090033140396277,"properties":{"id":420,"structures":["CENTRO DE CONVIVÊNCIA"],"connections":[356,421],"is_highway":false,"value":0,"reference":-1,"weight":0}},{"lng":-59.96295791514387,"lat":-3.0898140899893947,"properties":{"id":421,"structures":["CENTRO DE CONVIVÊNCIA"],"connections":[420,422,355],"is_highway":false,"value":0,"reference":-1,"weight":0}},{"lng":-59.962967905327694,"lat":-3.089611251534426,"properties":{"id":422,"structures":["CENTRO DE CONVIVÊNCIA"],"connections":[421,354],"is_highway":false,"value":0,"reference":-1,"weight":0}},{"lng":-59.96415995701837,"lat":-3.0896190514208737,"properties":{"id":423,"structures":["CENTRO DE CONVIVÊNCIA","SETOR NORTE - RESTAURANTE UNIVERSITÁRIO"],"connections":[354,424],"is_highway":false,"value":0,"reference":-1,"weight":0}},{"lng":-59.964156028724425,"lat":-3.0898206533527466,"properties":{"id":424,"structures":["CENTRO DE CONVIVÊNCIA"],"connections":[423,419,355],"is_highway":false,"value":0,"reference":-1,"weight":0}},{"lng":-59.964761358004466,"lat":-3.090332961914005,"properties":{"id":425,"structures":["ESTACIONAMENTO FT FD ICE"],"connections":[304,39,426],"is_highway":true,"value":0,"reference":-1,"weight":0}},{"lng":-59.96470651536867,"lat":-3.090334894721623,"properties":{"id":426,"structures":["ESTACIONAMENTO FT FD ICE"],"connections":[425,427,430,431],"is_highway":true,"value":0,"reference":-1,"weight":0}},{"lng":-59.96450069769983,"lat":-3.0910979201215314,"properties":{"id":427,"structures":["ESTACIONAMENTO FT FD ICE"],"connections":[426,428,430],"is_highway":true,"value":0,"reference":-1,"weight":0}},{"lng":-59.96437523647819,"lat":-3.0915630407497097,"properties":{"id":428,"structures":["ESTACIONAMENTO FT FD ICE"],"connections":[427,437,319],"is_highway":true,"value":0,"reference":-1,"weight":0}},{"lng":-59.96435810332947,"lat":-3.090333606183212,"properties":{"id":429,"structures":["ESTACIONAMENTO FT FD ICE"],"connections":[302,430,319],"is_highway":true,"value":0,"reference":-1,"weight":0}},{"lng":-59.96450810143817,"lat":-3.090334160923873,"properties":{"id":430,"structures":["ESTACIONAMENTO FT FD ICE"],"connections":[429,426,427],"is_highway":true,"value":0,"reference":-1,"weight":0}},{"lng":-59.96474154308161,"lat":-3.09046375905902,"properties":{"id":431,"structures":["ESTACIONAMENTO FT FD ICE"],"connections":[426],"is_highway":true,"value":0,"reference":-1,"weight":0}},{"lng":-59.96424531114688,"lat":-3.0917231261886053,"properties":{"id":432,"structures":["ESTACIONAMENTO FT FD ICE"],"connections":[433,436,437],"is_highway":true,"value":0,"reference":-1,"weight":0}},{"lng":-59.96374163258171,"lat":-3.0917267707208236,"properties":{"id":433,"structures":["ESTACIONAMENTO FT FD ICE"],"connections":[432,434],"is_highway":true,"value":0,"reference":-1,"weight":0}},{"lng":-59.96374163258171,"lat":-3.0917960168305996,"properties":{"id":434,"structures":["ESTACIONAMENTO FT FD ICE"],"connections":[433,435,360],"is_highway":true,"value":0,"reference":-1,"weight":0}},{"lng":-59.96374163258171,"lat":-3.0918579738723335,"properties":{"id":435,"structures":["ESTACIONAMENTO FT FD ICE"],"connections":[434,436],"is_highway":true,"value":0,"reference":-1,"weight":0}},{"lng":-59.96424531114688,"lat":-3.0918470402769933,"properties":{"id":436,"structures":["ESTACIONAMENTO FT FD ICE"],"connections":[435,432],"is_highway":true,"value":0,"reference":-1,"weight":0}},{"lng":-59.96437670555519,"lat":-3.0916684582038325,"properties":{"id":437,"structures":["ESTACIONAMENTO FT FD ICE"],"connections":[432,428,518],"is_highway":true,"value":0,"reference":-1,"weight":0}},{"lng":-59.97403827455975,"lat":-3.0978862911796052,"properties":{"id":438,"structures":["FEFF - QUADRAS COBERTAS"],"connections":[81],"is_highway":false,"value":0,"reference":-1,"weight":0}},{"lng":-59.9746215421217,"lat":-3.0978295958919184,"properties":{"id":439,"structures":["FEFF - PISCINAS"],"connections":[61],"is_highway":false,"value":0,"reference":-1,"weight":0}},{"lng":-59.97576946007614,"lat":-3.09812202264902,"properties":{"id":440,"structures":["FEFF - CAMPO"],"connections":[335],"is_highway":false,"value":0,"reference":-1,"weight":0}},{"lng":-59.97410612142036,"lat":-3.0990004602383485,"properties":{"id":441,"structures":["FEFF - VESTIÁRIOS"],"connections":[442],"is_highway":false,"value":0,"reference":-1,"weight":0}},{"lng":-59.974424492313325,"lat":-3.098918347831821,"properties":{"id":442,"structures":["FEFF - CANTINA"],"connections":[441,443],"is_highway":false,"value":0,"reference":-1,"weight":0}},{"lng":-59.974476502599934,"lat":-3.0989055920555835,"properties":{"id":443,"structures":["FEFF - CANTINA"],"connections":[442,444],"is_highway":false,"value":0,"reference":-1,"weight":0}},{"lng":-59.97449292690097,"lat":-3.098971193188886,"properties":{"id":444,"structures":["FEFF - CANTINA"],"connections":[443,85,88],"is_highway":false,"value":0,"reference":-1,"weight":0}},{"lng":-59.97529450869866,"lat":-3.0997163429450145,"properties":{"id":445,"structures":["MINICAMPUS - ESTACIONAMENTO 1"],"connections":[446,449,450,504],"is_highway":true,"value":0,"reference":-1,"weight":0}},{"lng":-59.975313859448065,"lat":-3.0998328998592655,"properties":{"id":446,"structures":["MINICAMPUS - ESTACIONAMENTO 1"],"connections":[445,447],"is_highway":true,"value":0,"reference":-1,"weight":0}},{"lng":-59.97643581335836,"lat":-3.0995741474946565,"properties":{"id":447,"structures":["MINICAMPUS - ESTACIONAMENTO 1"],"connections":[446,448],"is_highway":true,"value":0,"reference":-1,"weight":0}},{"lng":-59.97638740417948,"lat":-3.099321081933998,"properties":{"id":448,"structures":["MINICAMPUS - ESTACIONAMENTO 1"],"connections":[447,449],"is_highway":true,"value":0,"reference":-1,"weight":0}},{"lng":-59.97525618532956,"lat":-3.0995486957143235,"properties":{"id":449,"structures":["MINICAMPUS - ESTACIONAMENTO 1"],"connections":[448,445],"is_highway":true,"value":0,"reference":-1,"weight":0}},{"lng":-59.9750693190631,"lat":-3.099766015213652,"properties":{"id":450,"structures":[],"connections":[445,102,512],"is_highway":true,"value":0,"reference":-1,"weight":0}},{"lng":-59.965345597514776,"lat":-3.0899118338702496,"properties":{"id":451,"structures":["FD - RESTAURANTE"],"connections":[0,301,452],"is_highway":false,"value":0,"reference":-1,"weight":0}},{"lng":-59.965797242750796,"lat":-3.089924719259418,"properties":{"id":452,"structures":["FD - RESTAURANTE"],"connections":[451,411,68],"is_highway":false,"value":0,"reference":-1,"weight":0}},{"lng":-59.97666660052181,"lat":-3.099739656973914,"properties":{"id":453,"structures":[],"connections":[40,138,504],"is_highway":true,"value":0,"reference":-1,"weight":0}},{"lng":-59.98046762289629,"lat":-3.1027820775991315,"properties":{"id":454,"structures":["PROJETO DE AVICULTURA"],"connections":[158],"is_highway":false,"value":0,"reference":-1,"weight":0}},{"lng":-59.975981049942796,"lat":-3.1003183355887334,"properties":{"id":455,"structures":[],"connections":[99,472,473],"is_highway":false,"value":0,"reference":-1,"weight":0}},{"lng":-59.974485116483066,"lat":-3.0996686719947917,"properties":{"id":456,"structures":[],"connections":[91,457,462],"is_highway":false,"value":0,"reference":-1,"weight":0}},{"lng":-59.974427143153264,"lat":-3.099683304905865,"properties":{"id":457,"structures":[],"connections":[456,458,466],"is_highway":false,"value":0,"reference":-1,"weight":0}},{"lng":-59.97405383466993,"lat":-3.099777530812459,"properties":{"id":458,"structures":[],"connections":[457,459,460],"is_highway":false,"value":0,"reference":-1,"weight":0}},{"lng":-59.97388243894514,"lat":-3.0998207923969825,"properties":{"id":459,"structures":["CAIS"],"connections":[458],"is_highway":false,"value":0,"reference":-1,"weight":0}},{"lng":-59.97411602807435,"lat":-3.1000302830524435,"properties":{"id":460,"structures":[],"connections":[458,461],"is_highway":false,"value":0,"reference":-1,"weight":0}},{"lng":-59.9740143735459,"lat":-3.1000475606304234,"properties":{"id":461,"structures":["ICB - SALAS DE AULA / AUDITÓRIO PAULO BUHRHNEIN"],"connections":[460],"is_highway":false,"value":0,"reference":-1,"weight":0}},{"lng":-59.97446512550595,"lat":-3.0995911068773583,"properties":{"id":462,"structures":[],"connections":[90,463,456],"is_highway":false,"value":0,"reference":-1,"weight":0}},{"lng":-59.974409702359395,"lat":-3.099605107501409,"properties":{"id":463,"structures":[],"connections":[462,464,465],"is_highway":false,"value":0,"reference":-1,"weight":0}},{"lng":-59.974103050900496,"lat":-3.0996825717356153,"properties":{"id":464,"structures":[],"connections":[463],"is_highway":false,"value":0,"reference":-1,"weight":0}},{"lng":-59.97439287444972,"lat":-3.0995421913579313,"properties":{"id":465,"structures":["FEFF - SALAS DE AULA 1"],"connections":[463],"is_highway":false,"value":0,"reference":-1,"weight":0}},{"lng":-59.974442620282794,"lat":-3.099743043277185,"properties":{"id":466,"structures":["FEFF - PROAMDE"],"connections":[457],"is_highway":false,"value":0,"reference":-1,"weight":0}},{"lng":-59.974761137664785,"lat":-3.1004834351840667,"properties":{"id":467,"structures":[],"connections":[96,468,470],"is_highway":false,"value":0,"reference":-1,"weight":0}},{"lng":-59.9744258580999,"lat":-3.100557788977937,"properties":{"id":468,"structures":[],"connections":[467,469],"is_highway":false,"value":0,"reference":-1,"weight":0}},{"lng":-59.974172371445725,"lat":-3.1006204754413997,"properties":{"id":469,"structures":[],"connections":[468,476,477],"is_highway":false,"value":0,"reference":-1,"weight":0}},{"lng":-59.97480219614143,"lat":-3.100618260469478,"properties":{"id":470,"structures":["LANCHONETE / REPOGRAFIA","FCA - BLOCO F"],"connections":[467,471,478],"is_highway":false,"value":0,"reference":-1,"weight":0}},{"lng":-59.97537319179061,"lat":-3.100484359304991,"properties":{"id":471,"structures":["ICB - BLOCO E"],"connections":[470,472,97],"is_highway":false,"value":0,"reference":-1,"weight":0}},{"lng":-59.97567674302618,"lat":-3.10040145064934,"properties":{"id":472,"structures":["ICB - BLOCO D"],"connections":[471,455,98],"is_highway":false,"value":0,"reference":-1,"weight":0}},{"lng":-59.97606964813552,"lat":-3.1002941368468404,"properties":{"id":473,"structures":[],"connections":[455,474,486],"is_highway":false,"value":0,"reference":-1,"weight":0}},{"lng":-59.97649117457705,"lat":-3.1001790057147267,"properties":{"id":474,"structures":[],"connections":[473,475,480],"is_highway":false,"value":0,"reference":-1,"weight":0}},{"lng":-59.97684393815976,"lat":-3.100082655709828,"properties":{"id":475,"structures":[],"connections":[474],"is_highway":false,"value":0,"reference":-1,"weight":0}},{"lng":-59.974131448868434,"lat":-3.1004606619288873,"properties":{"id":476,"structures":[],"connections":[109,469,497],"is_highway":false,"value":0,"reference":-1,"weight":0}},{"lng":-59.97417905988708,"lat":-3.1006465955756566,"properties":{"id":477,"structures":[],"connections":[469,478,499],"is_highway":false,"value":0,"reference":-1,"weight":0}},{"lng":-59.9742101125048,"lat":-3.1007678642605003,"properties":{"id":478,"structures":["FCA - ICB - BLOCO J"],"connections":[477,479,470],"is_highway":false,"value":0,"reference":-1,"weight":0}},{"lng":-59.97460975601517,"lat":-3.102328576623681,"properties":{"id":479,"structures":[],"connections":[478],"is_highway":false,"value":0,"reference":-1,"weight":0}},{"lng":-59.97652257605568,"lat":-3.100294469266893,"properties":{"id":480,"structures":[],"connections":[474,481,488],"is_highway":false,"value":0,"reference":-1,"weight":0}},{"lng":-59.97653029280709,"lat":-3.1003228438373593,"properties":{"id":481,"structures":[],"connections":[480,482,487],"is_highway":false,"value":0,"reference":-1,"weight":0}},{"lng":-59.976577397788205,"lat":-3.1004960492976092,"properties":{"id":482,"structures":[],"connections":[481,483,489],"is_highway":false,"value":0,"reference":-1,"weight":0}},{"lng":-59.97659686014482,"lat":-3.1005676125583133,"properties":{"id":483,"structures":[],"connections":[482,484,490],"is_highway":false,"value":0,"reference":-1,"weight":0}},{"lng":-59.97662815647952,"lat":-3.1006826894529396,"properties":{"id":484,"structures":["FCA - BLOCO Z"],"connections":[483],"is_highway":false,"value":0,"reference":-1,"weight":0}},{"lng":-59.97584384970664,"lat":-3.10049619587493,"properties":{"id":485,"structures":["ICB - BLOCO C","ICB - BIOTÉRIO"],"connections":[486],"is_highway":false,"value":0,"reference":-1,"weight":0}},{"lng":-59.976104271004324,"lat":-3.1004334659479023,"properties":{"id":486,"structures":[],"connections":[485,487,491,473],"is_highway":false,"value":0,"reference":-1,"weight":0}},{"lng":-59.97631670430722,"lat":-3.1003803319790837,"properties":{"id":487,"structures":["BLOCO T - CCA"],"connections":[486,481],"is_highway":false,"value":0,"reference":-1,"weight":0}},{"lng":-59.97667242602618,"lat":-3.1002614362754017,"properties":{"id":488,"structures":["FCA - BLOCO V"],"connections":[480],"is_highway":false,"value":0,"reference":-1,"weight":0}},{"lng":-59.976781011623096,"lat":-3.100436293361324,"properties":{"id":489,"structures":["BLOCO X"],"connections":[482],"is_highway":false,"value":0,"reference":-1,"weight":0}},{"lng":-59.976418894557916,"lat":-3.1006137853333775,"properties":{"id":490,"structures":["FCA - BLOCO U"],"connections":[483,491],"is_highway":false,"value":0,"reference":-1,"weight":0}},{"lng":-59.97616501837358,"lat":-3.1006779250324765,"properties":{"id":491,"structures":[],"connections":[490,486],"is_highway":false,"value":0,"reference":-1,"weight":0}},{"lng":-59.97922781015814,"lat":-3.100797430772233,"properties":{"id":492,"structures":["LABORATÓRIO DE COMBUSTÍVEIS"],"connections":[149,493],"is_highway":true,"value":0,"reference":-1,"weight":0}},{"lng":-59.97922781015814,"lat":-3.1005037121164056,"properties":{"id":493,"structures":["CDTECH"],"connections":[492],"is_highway":true,"value":0,"reference":-1,"weight":0}},{"lng":-59.97454002831506,"lat":-3.0971415940348606,"properties":{"id":494,"structures":["QUADRA DO IDOSO"],"connections":[207],"is_highway":false,"value":0,"reference":-1,"weight":0}},{"lng":-59.973825529524845,"lat":-3.0976520534562355,"properties":{"id":495,"structures":["FEFF - QUADRAS COBERTAS"],"connections":[105],"is_highway":false,"value":0,"reference":-1,"weight":0}},{"lng":-59.97472021197527,"lat":-3.098910440236923,"properties":{"id":496,"structures":["FEFF - GINÁSIO COBERTO"],"connections":[107],"is_highway":false,"value":0,"reference":-1,"weight":0}},{"lng":-59.973759330139735,"lat":-3.1005456669282716,"properties":{"id":497,"structures":[],"connections":[476,498,502],"is_highway":false,"value":0,"reference":-1,"weight":0}},{"lng":-59.973726741140496,"lat":-3.1005531114010294,"properties":{"id":498,"structures":[],"connections":[497],"is_highway":false,"value":0,"reference":-1,"weight":0}},{"lng":-59.97380808655268,"lat":-3.1007401988318075,"properties":{"id":499,"structures":["FCA - ICB - BLOCO H"],"connections":[477,500,501],"is_highway":false,"value":0,"reference":-1,"weight":0}},{"lng":-59.97377645197607,"lat":-3.1007481808050676,"properties":{"id":500,"structures":[],"connections":[499],"is_highway":false,"value":0,"reference":-1,"weight":0}},{"lng":-59.97379923276614,"lat":-3.100704818500183,"properties":{"id":501,"structures":["MINICAMPUS - RESTAURANTE UNIVERSITÁRIO"],"connections":[499],"is_highway":false,"value":0,"reference":-1,"weight":0}},{"lng":-59.97377004487888,"lat":-3.1005910812985986,"properties":{"id":502,"structures":["MINICAMPUS - RESTAURANTE UNIVERSITÁRIO"],"connections":[497],"is_highway":false,"value":0,"reference":-1,"weight":0}},{"lng":-59.97734134976312,"lat":-3.097887990426377,"properties":{"id":503,"structures":[],"connections":[200],"is_highway":false,"value":0,"reference":-1,"weight":0}},{"lng":-59.97658958369123,"lat":-3.099437662705416,"properties":{"id":504,"structures":[],"connections":[445,505,453],"is_highway":true,"value":0,"reference":-1,"weight":0}},{"lng":-59.97653832691362,"lat":-3.0990225213632683,"properties":{"id":505,"structures":["AUDITÓRIO EULÁLIO CHAVES"],"connections":[504],"is_highway":false,"value":0,"reference":-1,"weight":0}},{"lng":-59.96267561854883,"lat":-3.0909116966189307,"properties":{"id":506,"structures":["ICHL - RESTAURANTE"],"connections":[364,507,376],"is_highway":false,"value":0,"reference":-1,"weight":0}},{"lng":-59.962676330043415,"lat":-3.091183387574958,"properties":{"id":507,"structures":["ICHL - ÁREA DE LAZER"],"connections":[506,508],"is_highway":false,"value":0,"reference":-1,"weight":0}},{"lng":-59.962681241464495,"lat":-3.091289146078871,"properties":{"id":508,"structures":["FACED - AUDITÓRIO"],"connections":[507],"is_highway":false,"value":0,"reference":-1,"weight":0}},{"lng":-59.97589196931728,"lat":-3.0971433269965867,"properties":{"id":509,"structures":["TV UFAM"],"connections":[205],"is_highway":false,"value":0,"reference":-1,"weight":0}},{"lng":-59.976147101221954,"lat":-3.0972177197608524,"properties":{"id":510,"structures":["ADUA"],"connections":[203],"is_highway":false,"value":0,"reference":-1,"weight":0}},{"lng":-59.97643101267312,"lat":-3.097335340742336,"properties":{"id":511,"structures":["COMVEST"],"connections":[202],"is_highway":false,"value":0,"reference":-1,"weight":0}},{"lng":-59.975036628062355,"lat":-3.0996448911818746,"properties":{"id":512,"structures":["MINICAMPUS - ESTACIONAMENTO 2"],"connections":[450,513,515,517],"is_highway":true,"value":0,"reference":-1,"weight":0}},{"lng":-59.974979111543085,"lat":-3.0994317856284375,"properties":{"id":513,"structures":["MINICAMPUS - ESTACIONAMENTO 2"],"connections":[512,514,516],"is_highway":true,"value":0,"reference":-1,"weight":0}},{"lng":-59.974785474827605,"lat":-3.0994858108599166,"properties":{"id":514,"structures":["MINICAMPUS - ESTACIONAMENTO 2"],"connections":[513,515],"is_highway":true,"value":0,"reference":-1,"weight":0}},{"lng":-59.97483673160523,"lat":-3.099696224893071,"properties":{"id":515,"structures":["MINICAMPUS - ESTACIONAMENTO 2"],"connections":[514,512],"is_highway":true,"value":0,"reference":-1,"weight":0}},{"lng":-59.97512718667844,"lat":-3.099397664428186,"properties":{"id":516,"structures":["MINICAMPUS - ESTACIONAMENTO 2"],"connections":[513,517],"is_highway":true,"value":0,"reference":-1,"weight":0}},{"lng":-59.97517844345607,"lat":-3.0995995481803313,"properties":{"id":517,"structures":["MINICAMPUS - ESTACIONAMENTO 2"],"connections":[516,512],"is_highway":true,"value":0,"reference":-1,"weight":0}},{"lng":-59.96439106183401,"lat":-3.091925877617791,"properties":{"id":518,"structures":[],"connections":[279,437],"is_highway":true,"value":0,"reference":-1,"weight":0}},{"lng":-59.96637916468825,"lat":-3.0907614174231743,"properties":{"id":519,"structures":["CENTRO ADMINISTRATIVO UFAM","REITORIA"],"connections":[520],"is_highway":false,"value":0,"reference":-1,"weight":0}},{"lng":-59.96626409030805,"lat":-3.0906455979849583,"properties":{"id":520,"structures":[],"connections":[519,521],"is_highway":false,"value":0,"reference":-1,"weight":0}},{"lng":-59.96626409030805,"lat":-3.0906082414910614,"properties":{"id":521,"structures":[],"connections":[520,522],"is_highway":false,"value":0,"reference":-1,"weight":0}},{"lng":-59.966141820511424,"lat":-3.090607330357048,"properties":{"id":522,"structures":[],"connections":[521,523],"is_highway":false,"value":0,"reference":-1,"weight":0}},{"lng":-59.966141820511424,"lat":-3.090569062727758,"properties":{"id":523,"structures":[],"connections":[522,71],"is_highway":false,"value":0,"reference":-1,"weight":0}},{"lng":-59.964759302716594,"lat":-3.0901134804940247,"properties":{"id":524,"structures":[],"connections":[301,303],"is_highway":false,"value":0,"reference":-1,"weight":0}}]